시도교육청코드,시도교육청명,행정표준코드,학교명,학년도,학기,시간표일자,주야과정명,계열명,학과명,학년,강의실명,학급명,교시,수업내용,수정일자
Q10,전라남도교육청,8490058,여수고등학교,2023,1,20230731,주간,일반계,일반학과,1,1,1,1,여름방학,20230806
Q10,전라남도교육청,8490058,여수고등학교,2023,1,20230731,주간,일반계,일반학과,1,1,1,2,여름방학,20230806
Q10,전라남도교육청,8490058,여수고등학교,2023,1,20230731,주간,일반계,일반학과,1,1,1,3,여름방학,20230806
Q10,전라남도교육청,8490058,여수고등학교,2023,1,20230731,주간,일반계,일반학과,1,1,1,4,여름방학,20230806
Q10,전라남도교육청,8490058,여수고등학교,2023,1,20230731,주간,일반계,일반학과,1,1,1,5,여름방학,20230806
Q10,전라남도교육청,8490058,여수고등학교,2023,1,20230731,주간,일반계,일반학과,1,1,1,6,여름방학,20230806
Q10,전라남도교육청,8490058,여수고등학교,2023,1,20230731,주간,일반계,일반학과,1,1,1,7,여름방학,20230806
Q10,전라남도교육청,8490058,여수고등학교,2023,1,20230729,주간,일반계,일반학과,1,1,1,1,토요휴업일,20230730
Q10,전라남도교육청,8490058,여수고등학교,2023,1,20230729,주간,일반계,일반학과,1,1,1,2,토요휴업일,20230730
Q10,전라남도교육청,8490058,여수고등학교,2023,1,20230729,주간,일반계,일반학과,1,1,1,3,토요휴업일,20230730
Q10,전라남도교육청,8490058,여수고등학교,2023,1,20230729,주간,일반계,일반학과,1,1,1,4,토요휴업일,20230730
Q10,전라남도교육청,8490058,여수고등학교,2023,1,20230728,주간,일반계,일반학과,1,1,1,1,여름방학,20230730
Q10,전라남도교육청,8490058,여수고등학교,2023,1,20230728,주간,일반계,일반학과,1,1,1,2,여름방학,20230730
Q10,전라남도교육청,8490058,여수고등학교,2023,1,20230728,주간,일반계,일반학과,1,1,1,3,여름방학,20230730
Q10,전라남도교육청,8490058,여수고등학교,2023,1,20230728,주간,일반계,일반학과,1,1,1,4,여름방학,20230730
Q10,전라남도교육청,8490058,여수고등학교,2023,1,20230728,주간,일반계,일반학과,1,1,1,5,여름방학,20230730
Q10,전라남도교육청,8490058,여수고등학교,2023,1,20230728,주간,일반계,일반학과,1,1,1,6,여름방학,20230730
Q10,전라남도교육청,8490058,여수고등학교,2023,1,20230728,주간,일반계,일반학과,1,1,1,7,여름방학,20230730
Q10,전라남도교육청,8490058,여수고등학교,2023,1,20230727,주간,일반계,일반학과,1,1,1,1,여름방학,20230730
Q10,전라남도교육청,8490058,여수고등학교,2023,1,20230727,주간,일반계,일반학과,1,1,1,2,여름방학,20230730
Q10,전라남도교육청,8490058,여수고등학교,2023,1,20230727,주간,일반계,일반학과,1,1,1,3,여름방학,20230730
Q10,전라남도교육청,8490058,여수고등학교,2023,1,20230727,주간,일반계,일반학과,1,1,1,4,여름방학,20230730
Q10,전라남도교육청,8490058,여수고등학교,2023,1,20230727,주간,일반계,일반학과,1,1,1,5,여름방학,20230730
Q10,전라남도교육청,8490058,여수고등학교,2023,1,20230727,주간,일반계,일반학과,1,1,1,6,여름방학,20230730
Q10,전라남도교육청,8490058,여수고등학교,2023,1,20230726,주간,일반계,일반학과,1,1,1,1,여름방학,20230730
Q10,전라남도교육청,8490058,여수고등학교,2023,1,20230726,주간,일반계,일반학과,1,1,1,2,여름방학,20230730
Q10,전라남도교육청,8490058,여수고등학교,2023,1,20230726,주간,일반계,일반학과,1,1,1,3,여름방학,20230730
Q10,전라남도교육청,8490058,여수고등학교,2023,1,20230726,주간,일반계,일반학과,1,1,1,4,여름방학,20230730
Q10,전라남도교육청,8490058,여수고등학교,2023,1,20230726,주간,일반계,일반학과,1,1,1,5,여름방학,20230730
Q10,전라남도교육청,8490058,여수고등학교,2023,1,20230725,주간,일반계,일반학과,1,1,1,1,여름방학,20230730
Q10,전라남도교육청,8490058,여수고등학교,2023,1,20230725,주간,일반계,일반학과,1,1,1,2,여름방학,20230730
Q10,전라남도교육청,8490058,여수고등학교,2023,1,20230725,주간,일반계,일반학과,1,1,1,3,여름방학,20230730
Q10,전라남도교육청,8490058,여수고등학교,2023,1,20230725,주간,일반계,일반학과,1,1,1,4,여름방학,20230730
Q10,전라남도교육청,8490058,여수고등학교,2023,1,20230725,주간,일반계,일반학과,1,1,1,5,여름방학,20230730
Q10,전라남도교육청,8490058,여수고등학교,2023,1,20230725,주간,일반계,일반학과,1,1,1,6,여름방학,20230730
Q10,전라남도교육청,8490058,여수고등학교,2023,1,20230725,주간,일반계,일반학과,1,1,1,7,여름방학,20230730
Q10,전라남도교육청,8490058,여수고등학교,2023,1,20230724,주간,일반계,일반학과,1,1,1,1,여름방학,20230730
Q10,전라남도교육청,8490058,여수고등학교,2023,1,20230724,주간,일반계,일반학과,1,1,1,2,여름방학,20230730
Q10,전라남도교육청,8490058,여수고등학교,2023,1,20230724,주간,일반계,일반학과,1,1,1,3,여름방학,20230730
Q10,전라남도교육청,8490058,여수고등학교,2023,1,20230724,주간,일반계,일반학과,1,1,1,4,여름방학,20230730
Q10,전라남도교육청,8490058,여수고등학교,2023,1,20230724,주간,일반계,일반학과,1,1,1,5,여름방학,20230730
Q10,전라남도교육청,8490058,여수고등학교,2023,1,20230724,주간,일반계,일반학과,1,1,1,6,여름방학,20230730
Q10,전라남도교육청,8490058,여수고등학교,2023,1,20230724,주간,일반계,일반학과,1,1,1,7,여름방학,20230730
Q10,전라남도교육청,8490058,여수고등학교,2023,1,20230722,주간,일반계,일반학과,1,1,1,1,토요휴업일,20230723
Q10,전라남도교육청,8490058,여수고등학교,2023,1,20230722,주간,일반계,일반학과,1,1,1,2,토요휴업일,20230723
Q10,전라남도교육청,8490058,여수고등학교,2023,1,20230722,주간,일반계,일반학과,1,1,1,3,토요휴업일,20230723
Q10,전라남도교육청,8490058,여수고등학교,2023,1,20230722,주간,일반계,일반학과,1,1,1,4,토요휴업일,20230723
Q10,전라남도교육청,8490058,여수고등학교,2023,1,20230721,주간,일반계,일반학과,1,1,1,1,여름방학,20230723
Q10,전라남도교육청,8490058,여수고등학교,2023,1,20230721,주간,일반계,일반학과,1,1,1,2,여름방학,20230723
Q10,전라남도교육청,8490058,여수고등학교,2023,1,20230721,주간,일반계,일반학과,1,1,1,3,여름방학,20230723
Q10,전라남도교육청,8490058,여수고등학교,2023,1,20230721,주간,일반계,일반학과,1,1,1,4,여름방학,20230723
Q10,전라남도교육청,8490058,여수고등학교,2023,1,20230721,주간,일반계,일반학과,1,1,1,5,여름방학,20230723
Q10,전라남도교육청,8490058,여수고등학교,2023,1,20230721,주간,일반계,일반학과,1,1,1,6,여름방학,20230723
Q10,전라남도교육청,8490058,여수고등학교,2023,1,20230721,주간,일반계,일반학과,1,1,1,7,여름방학,20230723
Q10,전라남도교육청,8490058,여수고등학교,2023,1,20230720,주간,일반계,일반학과,1,1,1,1,여름방학,20230723
Q10,전라남도교육청,8490058,여수고등학교,2023,1,20230720,주간,일반계,일반학과,1,1,1,2,여름방학,20230723
Q10,전라남도교육청,8490058,여수고등학교,2023,1,20230720,주간,일반계,일반학과,1,1,1,3,여름방학,20230723
Q10,전라남도교육청,8490058,여수고등학교,2023,1,20230720,주간,일반계,일반학과,1,1,1,4,여름방학,20230723
Q10,전라남도교육청,8490058,여수고등학교,2023,1,20230720,주간,일반계,일반학과,1,1,1,5,여름방학,20230723
Q10,전라남도교육청,8490058,여수고등학교,2023,1,20230720,주간,일반계,일반학과,1,1,1,6,여름방학,20230723
Q10,전라남도교육청,8490058,여수고등학교,2023,1,20230719,주간,일반계,일반학과,1,1,1,1,여름방학,20230723
Q10,전라남도교육청,8490058,여수고등학교,2023,1,20230719,주간,일반계,일반학과,1,1,1,2,여름방학,20230723
Q10,전라남도교육청,8490058,여수고등학교,2023,1,20230719,주간,일반계,일반학과,1,1,1,3,여름방학,20230723
Q10,전라남도교육청,8490058,여수고등학교,2023,1,20230719,주간,일반계,일반학과,1,1,1,4,여름방학,20230723
Q10,전라남도교육청,8490058,여수고등학교,2023,1,20230719,주간,일반계,일반학과,1,1,1,5,여름방학,20230723
Q10,전라남도교육청,8490058,여수고등학교,2023,1,20230718,주간,일반계,일반학과,1,1,1,1,영어,20230723
Q10,전라남도교육청,8490058,여수고등학교,2023,1,20230718,주간,일반계,일반학과,1,1,1,2,통합과학,20230723
Q10,전라남도교육청,8490058,여수고등학교,2023,1,20230718,주간,일반계,일반학과,1,1,1,3,체육,20230723
Q10,전라남도교육청,8490058,여수고등학교,2023,1,20230718,주간,일반계,일반학과,1,1,1,4,수학,20230723
Q10,전라남도교육청,8490058,여수고등학교,2023,1,20230717,주간,일반계,일반학과,1,1,1,1,음악,20230723
Q10,전라남도교육청,8490058,여수고등학교,2023,1,20230717,주간,일반계,일반학과,1,1,1,2,한문Ⅰ,20230723
Q10,전라남도교육청,8490058,여수고등학교,2023,1,20230717,주간,일반계,일반학과,1,1,1,3,국어,20230723
Q10,전라남도교육청,8490058,여수고등학교,2023,1,20230717,주간,일반계,일반학과,1,1,1,4,통합사회,20230723
Q10,전라남도교육청,8490058,여수고등학교,2023,1,20230717,주간,일반계,일반학과,1,1,1,5,국어,20230723
Q10,전라남도교육청,8490058,여수고등학교,2023,1,20230717,주간,일반계,일반학과,1,1,1,6,수학,20230723
Q10,전라남도교육청,8490058,여수고등학교,2023,1,20230717,주간,일반계,일반학과,1,1,1,7,자율활동,20230723
Q10,전라남도교육청,8490058,여수고등학교,2023,1,20230715,주간,일반계,일반학과,1,1,1,1,토요휴업일,20230716
Q10,전라남도교육청,8490058,여수고등학교,2023,1,20230715,주간,일반계,일반학과,1,1,1,2,토요휴업일,20230716
Q10,전라남도교육청,8490058,여수고등학교,2023,1,20230715,주간,일반계,일반학과,1,1,1,3,토요휴업일,20230716
Q10,전라남도교육청,8490058,여수고등학교,2023,1,20230715,주간,일반계,일반학과,1,1,1,4,토요휴업일,20230716
Q10,전라남도교육청,8490058,여수고등학교,2023,1,20230714,주간,일반계,일반학과,1,1,1,1,한국사,20230716
Q10,전라남도교육청,8490058,여수고등학교,2023,1,20230714,주간,일반계,일반학과,1,1,1,2,영어,20230716
Q10,전라남도교육청,8490058,여수고등학교,2023,1,20230714,주간,일반계,일반학과,1,1,1,3,체육,20230716
Q10,전라남도교육청,8490058,여수고등학교,2023,1,20230714,주간,일반계,일반학과,1,1,1,4,국어,20230716
Q10,전라남도교육청,8490058,여수고등학교,2023,1,20230714,주간,일반계,일반학과,1,1,1,5,한국사,20230716
Q10,전라남도교육청,8490058,여수고등학교,2023,1,20230714,주간,일반계,일반학과,1,1,1,6,수학,20230716
Q10,전라남도교육청,8490058,여수고등학교,2023,1,20230714,주간,일반계,일반학과,1,1,1,7,과학탐구실험,20230716
Q10,전라남도교육청,8490058,여수고등학교,2023,1,20230713,주간,일반계,일반학과,1,1,1,1,한문Ⅰ,20230716
Q10,전라남도교육청,8490058,여수고등학교,2023,1,20230713,주간,일반계,일반학과,1,1,1,2,통합사회,20230716
Q10,전라남도교육청,8490058,여수고등학교,2023,1,20230713,주간,일반계,일반학과,1,1,1,3,통합사회,20230716
Q10,전라남도교육청,8490058,여수고등학교,2023,1,20230713,주간,일반계,일반학과,1,1,1,4,음악,20230716
Q10,전라남도교육청,8490058,여수고등학교,2023,1,20230713,주간,일반계,일반학과,1,1,1,5,영어,20230716
Q10,전라남도교육청,8490058,여수고등학교,2023,1,20230713,주간,일반계,일반학과,1,1,1,6,통합과학,20230716
Q10,전라남도교육청,8490058,여수고등학교,2023,1,20230712,주간,일반계,일반학과,1,1,1,1,영어,20230716
Q10,전라남도교육청,8490058,여수고등학교,2023,1,20230712,주간,일반계,일반학과,1,1,1,2,진로활동,20230716
Q10,전라남도교육청,8490058,여수고등학교,2023,1,20230712,주간,일반계,일반학과,1,1,1,3,수학,20230716
Q10,전라남도교육청,8490058,여수고등학교,2023,1,20230712,주간,일반계,일반학과,1,1,1,4,통합과학,20230716
Q10,전라남도교육청,8490058,여수고등학교,2023,1,20230712,주간,일반계,일반학과,1,1,1,5,동아리활동,20230716
Q10,전라남도교육청,8490058,여수고등학교,2023,1,20230711,주간,일반계,일반학과,1,1,1,1,영어,20230716
Q10,전라남도교육청,8490058,여수고등학교,2023,1,20230711,주간,일반계,일반학과,1,1,1,2,통합과학,20230716
Q10,전라남도교육청,8490058,여수고등학교,2023,1,20230711,주간,일반계,일반학과,1,1,1,3,[보강]체육,20230716
Q10,전라남도교육청,8490058,여수고등학교,2023,1,20230711,주간,일반계,일반학과,1,1,1,4,수학,20230716
Q10,전라남도교육청,8490058,여수고등학교,2023,1,20230711,주간,일반계,일반학과,1,1,1,5,보건,20230716
Q10,전라남도교육청,8490058,여수고등학교,2023,1,20230711,주간,일반계,일반학과,1,1,1,6,음악,20230716
Q10,전라남도교육청,8490058,여수고등학교,2023,1,20230711,주간,일반계,일반학과,1,1,1,7,한국사,20230716
Q10,전라남도교육청,8490058,여수고등학교,2023,1,20230710,주간,일반계,일반학과,1,1,1,1,자율활동,20230716
Q10,전라남도교육청,8490058,여수고등학교,2023,1,20230710,주간,일반계,일반학과,1,1,1,2,한문Ⅰ,20230716
Q10,전라남도교육청,8490058,여수고등학교,2023,1,20230710,주간,일반계,일반학과,1,1,1,3,국어,20230716
Q10,전라남도교육청,8490058,여수고등학교,2023,1,20230710,주간,일반계,일반학과,1,1,1,4,통합사회,20230716
Q10,전라남도교육청,8490058,여수고등학교,2023,1,20230710,주간,일반계,일반학과,1,1,1,5,국어,20230716
Q10,전라남도교육청,8490058,여수고등학교,2023,1,20230710,주간,일반계,일반학과,1,1,1,6,수학,20230716
Q10,전라남도교육청,8490058,여수고등학교,2023,1,20230710,주간,일반계,일반학과,1,1,1,7,음악,20230716
Q10,전라남도교육청,8490058,여수고등학교,2023,1,20230708,주간,일반계,일반학과,1,1,1,1,토요휴업일,20230712
Q10,전라남도교육청,8490058,여수고등학교,2023,1,20230708,주간,일반계,일반학과,1,1,1,2,토요휴업일,20230712
Q10,전라남도교육청,8490058,여수고등학교,2023,1,20230708,주간,일반계,일반학과,1,1,1,3,토요휴업일,20230712
Q10,전라남도교육청,8490058,여수고등학교,2023,1,20230708,주간,일반계,일반학과,1,1,1,4,토요휴업일,20230712
Q10,전라남도교육청,8490058,여수고등학교,2023,1,20230707,주간,일반계,일반학과,1,1,1,1,한국사,20230712
Q10,전라남도교육청,8490058,여수고등학교,2023,1,20230707,주간,일반계,일반학과,1,1,1,2,영어,20230712
Q10,전라남도교육청,8490058,여수고등학교,2023,1,20230707,주간,일반계,일반학과,1,1,1,3,[보강]체육,20230712
Q10,전라남도교육청,8490058,여수고등학교,2023,1,20230707,주간,일반계,일반학과,1,1,1,4,국어,20230712
Q10,전라남도교육청,8490058,여수고등학교,2023,1,20230707,주간,일반계,일반학과,1,1,1,5,한국사,20230712
Q10,전라남도교육청,8490058,여수고등학교,2023,1,20230707,주간,일반계,일반학과,1,1,1,6,수학,20230712
Q10,전라남도교육청,8490058,여수고등학교,2023,1,20230707,주간,일반계,일반학과,1,1,1,7,통합과학,20230712
Q10,전라남도교육청,8490058,여수고등학교,2023,1,20230706,주간,일반계,일반학과,1,1,1,1,한문Ⅰ,20230712
Q10,전라남도교육청,8490058,여수고등학교,2023,1,20230706,주간,일반계,일반학과,1,1,1,2,통합사회,20230712
Q10,전라남도교육청,8490058,여수고등학교,2023,1,20230706,주간,일반계,일반학과,1,1,1,3,통합사회,20230712
Q10,전라남도교육청,8490058,여수고등학교,2023,1,20230706,주간,일반계,일반학과,1,1,1,4,음악,20230712
Q10,전라남도교육청,8490058,여수고등학교,2023,1,20230706,주간,일반계,일반학과,1,1,1,5,영어,20230712
Q10,전라남도교육청,8490058,여수고등학교,2023,1,20230706,주간,일반계,일반학과,1,1,1,6,과학탐구실험,20230712
Q10,전라남도교육청,8490058,여수고등학교,2023,1,20230705,주간,일반계,일반학과,1,1,1,1,영어,20230712
Q10,전라남도교육청,8490058,여수고등학교,2023,1,20230705,주간,일반계,일반학과,1,1,1,2,진로활동,20230712
Q10,전라남도교육청,8490058,여수고등학교,2023,1,20230705,주간,일반계,일반학과,1,1,1,3,수학,20230712
Q10,전라남도교육청,8490058,여수고등학교,2023,1,20230705,주간,일반계,일반학과,1,1,1,4,통합과학,20230712
Q10,전라남도교육청,8490058,여수고등학교,2023,1,20230705,주간,일반계,일반학과,1,1,1,5,동아리활동,20230712
Q10,전라남도교육청,8490058,여수고등학교,2023,1,20230704,주간,일반계,일반학과,1,1,1,1,영어,20230712
Q10,전라남도교육청,8490058,여수고등학교,2023,1,20230704,주간,일반계,일반학과,1,1,1,2,통합과학,20230712
Q10,전라남도교육청,8490058,여수고등학교,2023,1,20230704,주간,일반계,일반학과,1,1,1,3,체육,20230712
Q10,전라남도교육청,8490058,여수고등학교,2023,1,20230704,주간,일반계,일반학과,1,1,1,4,수학,20230712
Q10,전라남도교육청,8490058,여수고등학교,2023,1,20230704,주간,일반계,일반학과,1,1,1,5,보건,20230712
Q10,전라남도교육청,8490058,여수고등학교,2023,1,20230704,주간,일반계,일반학과,1,1,1,6,음악,20230712
Q10,전라남도교육청,8490058,여수고등학교,2023,1,20230704,주간,일반계,일반학과,1,1,1,7,한국사,20230712
Q10,전라남도교육청,8490058,여수고등학교,2023,1,20230703,주간,일반계,일반학과,1,1,1,1,음악,20230712
Q10,전라남도교육청,8490058,여수고등학교,2023,1,20230703,주간,일반계,일반학과,1,1,1,2,수학,20230712
Q10,전라남도교육청,8490058,여수고등학교,2023,1,20230703,주간,일반계,일반학과,1,1,1,3,영어,20230712
Q10,전라남도교육청,8490058,여수고등학교,2023,1,20230703,주간,일반계,일반학과,1,1,1,4,통합사회,20230712
Q10,전라남도교육청,8490058,여수고등학교,2023,1,20230703,주간,일반계,일반학과,1,1,1,5,보건,20230712
Q10,전라남도교육청,8490058,여수고등학교,2023,1,20230703,주간,일반계,일반학과,1,1,1,6,음악,20230712
Q10,전라남도교육청,8490058,여수고등학교,2023,1,20230703,주간,일반계,일반학과,1,1,1,7,한국사,20230712
Q10,전라남도교육청,8490058,여수고등학교,2023,1,20230701,주간,일반계,일반학과,1,1,1,1,토요휴업일,20230712
Q10,전라남도교육청,8490058,여수고등학교,2023,1,20230701,주간,일반계,일반학과,1,1,1,2,토요휴업일,20230712
Q10,전라남도교육청,8490058,여수고등학교,2023,1,20230701,주간,일반계,일반학과,1,1,1,3,토요휴업일,20230712
Q10,전라남도교육청,8490058,여수고등학교,2023,1,20230701,주간,일반계,일반학과,1,1,1,4,토요휴업일,20230712
Q10,전라남도교육청,8490058,여수고등학교,2023,1,20230630,주간,일반계,일반학과,1,1,1,1,기말고사영어,20230712
Q10,전라남도교육청,8490058,여수고등학교,2023,1,20230630,주간,일반계,일반학과,1,1,1,1,기말고사영어,20230712
Q10,전라남도교육청,8490058,여수고등학교,2023,1,20230630,주간,일반계,일반학과,1,1,1,2,자율학습,20230712
Q10,전라남도교육청,8490058,여수고등학교,2023,1,20230630,주간,일반계,일반학과,1,1,1,3,기말고사한국사,20230712
Q10,전라남도교육청,8490058,여수고등학교,2023,1,20230630,주간,일반계,일반학과,1,1,1,3,기말고사한국사,20230712
Q10,전라남도교육청,8490058,여수고등학교,2023,1,20230630,주간,일반계,일반학과,1,1,1,4,봉사활동,20230712
Q10,전라남도교육청,8490058,여수고등학교,2023,1,20230630,주간,일반계,일반학과,1,1,1,5,봉사활동,20230712
Q10,전라남도교육청,8490058,여수고등학교,2023,1,20230629,주간,일반계,일반학과,1,1,1,1,기말고사수학,20230712
Q10,전라남도교육청,8490058,여수고등학교,2023,1,20230629,주간,일반계,일반학과,1,1,1,1,기말고사수학,20230712
Q10,전라남도교육청,8490058,여수고등학교,2023,1,20230629,주간,일반계,일반학과,1,1,1,2,자율학습,20230712
Q10,전라남도교육청,8490058,여수고등학교,2023,1,20230629,주간,일반계,일반학과,1,1,1,3,기말고사통합사회,20230712
Q10,전라남도교육청,8490058,여수고등학교,2023,1,20230629,주간,일반계,일반학과,1,1,1,3,기말고사통합사회,20230712
Q10,전라남도교육청,8490058,여수고등학교,2023,1,20230628,주간,일반계,일반학과,1,1,1,1,기말고사국어,20230712
Q10,전라남도교육청,8490058,여수고등학교,2023,1,20230628,주간,일반계,일반학과,1,1,1,1,기말고사국어,20230712
Q10,전라남도교육청,8490058,여수고등학교,2023,1,20230628,주간,일반계,일반학과,1,1,1,2,자율학습,20230712
Q10,전라남도교육청,8490058,여수고등학교,2023,1,20230628,주간,일반계,일반학과,1,1,1,3,기말고사통합과학,20230712
Q10,전라남도교육청,8490058,여수고등학교,2023,1,20230628,주간,일반계,일반학과,1,1,1,3,기말고사통합과학,20230712
Q10,전라남도교육청,8490058,여수고등학교,2023,1,20230627,주간,일반계,일반학과,1,1,1,1,한문Ⅰ,20230712
Q10,전라남도교육청,8490058,여수고등학교,2023,1,20230627,주간,일반계,일반학과,1,1,1,2,영어,20230712
Q10,전라남도교육청,8490058,여수고등학교,2023,1,20230627,주간,일반계,일반학과,1,1,1,3,통합과학,20230712
Q10,전라남도교육청,8490058,여수고등학교,2023,1,20230627,주간,일반계,일반학과,1,1,1,4,음악,20230712
Q10,전라남도교육청,8490058,여수고등학교,2023,1,20230627,주간,일반계,일반학과,1,1,1,5,진로활동,20230712
Q10,전라남도교육청,8490058,여수고등학교,2023,1,20230627,주간,일반계,일반학과,1,1,1,6,기말고사한문Ⅰ,20230712
Q10,전라남도교육청,8490058,여수고등학교,2023,1,20230627,주간,일반계,일반학과,1,1,1,6,기말고사한문Ⅰ,20230712
Q10,전라남도교육청,8490058,여수고등학교,2023,1,20230626,주간,일반계,일반학과,1,1,1,1,자율활동,20230712
Q10,전라남도교육청,8490058,여수고등학교,2023,1,20230626,주간,일반계,일반학과,1,1,1,2,한문Ⅰ,20230712
Q10,전라남도교육청,8490058,여수고등학교,2023,1,20230626,주간,일반계,일반학과,1,1,1,3,국어,20230712
Q10,전라남도교육청,8490058,여수고등학교,2023,1,20230626,주간,일반계,일반학과,1,1,1,4,통합사회,20230712
Q10,전라남도교육청,8490058,여수고등학교,2023,1,20230626,주간,일반계,일반학과,1,1,1,5,체육,20230712
Q10,전라남도교육청,8490058,여수고등학교,2023,1,20230626,주간,일반계,일반학과,1,1,1,6,수학,20230712
Q10,전라남도교육청,8490058,여수고등학교,2023,1,20230626,주간,일반계,일반학과,1,1,1,7,음악,20230712
Q10,전라남도교육청,8490058,여수고등학교,2023,1,20230624,주간,일반계,일반학과,1,1,1,1,토요휴업일,20230712
Q10,전라남도교육청,8490058,여수고등학교,2023,1,20230624,주간,일반계,일반학과,1,1,1,2,토요휴업일,20230712
Q10,전라남도교육청,8490058,여수고등학교,2023,1,20230624,주간,일반계,일반학과,1,1,1,3,토요휴업일,20230712
Q10,전라남도교육청,8490058,여수고등학교,2023,1,20230624,주간,일반계,일반학과,1,1,1,4,토요휴업일,20230712
Q10,전라남도교육청,8490058,여수고등학교,2023,1,20230623,주간,일반계,일반학과,1,1,1,1,한국사,20230712
Q10,전라남도교육청,8490058,여수고등학교,2023,1,20230623,주간,일반계,일반학과,1,1,1,2,영어,20230712
Q10,전라남도교육청,8490058,여수고등학교,2023,1,20230623,주간,일반계,일반학과,1,1,1,3,체육,20230712
Q10,전라남도교육청,8490058,여수고등학교,2023,1,20230623,주간,일반계,일반학과,1,1,1,4,국어,20230712
Q10,전라남도교육청,8490058,여수고등학교,2023,1,20230623,주간,일반계,일반학과,1,1,1,5,한국사,20230712
Q10,전라남도교육청,8490058,여수고등학교,2023,1,20230623,주간,일반계,일반학과,1,1,1,6,수학,20230712
Q10,전라남도교육청,8490058,여수고등학교,2023,1,20230623,주간,일반계,일반학과,1,1,1,7,과학탐구실험,20230712
Q10,전라남도교육청,8490058,여수고등학교,2023,1,20230622,주간,일반계,일반학과,1,1,1,1,한문Ⅰ,20230712
Q10,전라남도교육청,8490058,여수고등학교,2023,1,20230622,주간,일반계,일반학과,1,1,1,2,통합사회,20230712
Q10,전라남도교육청,8490058,여수고등학교,2023,1,20230622,주간,일반계,일반학과,1,1,1,3,통합사회,20230712
Q10,전라남도교육청,8490058,여수고등학교,2023,1,20230622,주간,일반계,일반학과,1,1,1,4,음악,20230712
Q10,전라남도교육청,8490058,여수고등학교,2023,1,20230622,주간,일반계,일반학과,1,1,1,5,영어,20230712
Q10,전라남도교육청,8490058,여수고등학교,2023,1,20230622,주간,일반계,일반학과,1,1,1,6,통합과학,20230712
Q10,전라남도교육청,8490058,여수고등학교,2023,1,20230621,주간,일반계,일반학과,1,1,1,1,영어,20230712
Q10,전라남도교육청,8490058,여수고등학교,2023,1,20230621,주간,일반계,일반학과,1,1,1,2,진로활동,20230712
Q10,전라남도교육청,8490058,여수고등학교,2023,1,20230621,주간,일반계,일반학과,1,1,1,3,수학,20230712
Q10,전라남도교육청,8490058,여수고등학교,2023,1,20230621,주간,일반계,일반학과,1,1,1,4,통합과학,20230712
Q10,전라남도교육청,8490058,여수고등학교,2023,1,20230621,주간,일반계,일반학과,1,1,1,5,동아리활동,20230712
Q10,전라남도교육청,8490058,여수고등학교,2023,1,20230620,주간,일반계,일반학과,1,1,1,1,영어,20230712
Q10,전라남도교육청,8490058,여수고등학교,2023,1,20230620,주간,일반계,일반학과,1,1,1,2,통합과학,20230712
Q10,전라남도교육청,8490058,여수고등학교,2023,1,20230620,주간,일반계,일반학과,1,1,1,3,체육,20230712
Q10,전라남도교육청,8490058,여수고등학교,2023,1,20230620,주간,일반계,일반학과,1,1,1,4,수학,20230712
Q10,전라남도교육청,8490058,여수고등학교,2023,1,20230620,주간,일반계,일반학과,1,1,1,5,보건,20230712
Q10,전라남도교육청,8490058,여수고등학교,2023,1,20230620,주간,일반계,일반학과,1,1,1,6,음악,20230712
Q10,전라남도교육청,8490058,여수고등학교,2023,1,20230620,주간,일반계,일반학과,1,1,1,7,한국사,20230712
Q10,전라남도교육청,8490058,여수고등학교,2023,1,20230619,주간,일반계,일반학과,1,1,1,1,자율활동,20230712
Q10,전라남도교육청,8490058,여수고등학교,2023,1,20230619,주간,일반계,일반학과,1,1,1,2,한문Ⅰ,20230712
Q10,전라남도교육청,8490058,여수고등학교,2023,1,20230619,주간,일반계,일반학과,1,1,1,3,국어,20230712
Q10,전라남도교육청,8490058,여수고등학교,2023,1,20230619,주간,일반계,일반학과,1,1,1,4,통합사회,20230712
Q10,전라남도교육청,8490058,여수고등학교,2023,1,20230619,주간,일반계,일반학과,1,1,1,5,국어,20230712
Q10,전라남도교육청,8490058,여수고등학교,2023,1,20230619,주간,일반계,일반학과,1,1,1,6,수학,20230712
Q10,전라남도교육청,8490058,여수고등학교,2023,1,20230619,주간,일반계,일반학과,1,1,1,7,음악,20230712
Q10,전라남도교육청,8490058,여수고등학교,2023,1,20230617,주간,일반계,일반학과,1,1,1,1,토요휴업일,20230712
Q10,전라남도교육청,8490058,여수고등학교,2023,1,20230617,주간,일반계,일반학과,1,1,1,2,토요휴업일,20230712
Q10,전라남도교육청,8490058,여수고등학교,2023,1,20230617,주간,일반계,일반학과,1,1,1,3,토요휴업일,20230712
Q10,전라남도교육청,8490058,여수고등학교,2023,1,20230617,주간,일반계,일반학과,1,1,1,4,토요휴업일,20230712
Q10,전라남도교육청,8490058,여수고등학교,2023,1,20230616,주간,일반계,일반학과,1,1,1,1,한국사,20230712
Q10,전라남도교육청,8490058,여수고등학교,2023,1,20230616,주간,일반계,일반학과,1,1,1,2,영어,20230712
Q10,전라남도교육청,8490058,여수고등학교,2023,1,20230616,주간,일반계,일반학과,1,1,1,3,체육,20230712
Q10,전라남도교육청,8490058,여수고등학교,2023,1,20230616,주간,일반계,일반학과,1,1,1,4,국어,20230712
Q10,전라남도교육청,8490058,여수고등학교,2023,1,20230616,주간,일반계,일반학과,1,1,1,5,한국사,20230712
Q10,전라남도교육청,8490058,여수고등학교,2023,1,20230616,주간,일반계,일반학과,1,1,1,6,수학,20230712
Q10,전라남도교육청,8490058,여수고등학교,2023,1,20230616,주간,일반계,일반학과,1,1,1,7,과학탐구실험,20230712
Q10,전라남도교육청,8490058,여수고등학교,2023,1,20230615,주간,일반계,일반학과,1,1,1,1,한문Ⅰ,20230712
Q10,전라남도교육청,8490058,여수고등학교,2023,1,20230615,주간,일반계,일반학과,1,1,1,2,통합사회,20230712
Q10,전라남도교육청,8490058,여수고등학교,2023,1,20230615,주간,일반계,일반학과,1,1,1,3,통합사회,20230712
Q10,전라남도교육청,8490058,여수고등학교,2023,1,20230615,주간,일반계,일반학과,1,1,1,4,음악,20230712
Q10,전라남도교육청,8490058,여수고등학교,2023,1,20230615,주간,일반계,일반학과,1,1,1,5,영어,20230712
Q10,전라남도교육청,8490058,여수고등학교,2023,1,20230615,주간,일반계,일반학과,1,1,1,6,통합과학,20230712
Q10,전라남도교육청,8490058,여수고등학교,2023,1,20230614,주간,일반계,일반학과,1,1,1,1,영어,20230712
Q10,전라남도교육청,8490058,여수고등학교,2023,1,20230614,주간,일반계,일반학과,1,1,1,2,진로활동,20230712
Q10,전라남도교육청,8490058,여수고등학교,2023,1,20230614,주간,일반계,일반학과,1,1,1,3,수학,20230712
Q10,전라남도교육청,8490058,여수고등학교,2023,1,20230614,주간,일반계,일반학과,1,1,1,4,통합과학,20230712
Q10,전라남도교육청,8490058,여수고등학교,2023,1,20230614,주간,일반계,일반학과,1,1,1,5,동아리활동,20230712
Q10,전라남도교육청,8490058,여수고등학교,2023,1,20230613,주간,일반계,7차일반,1,1,1,1,영어,20230615
Q10,전라남도교육청,8490058,여수고등학교,2023,1,20230613,주간,일반계,7차일반,1,1,1,2,통합과학,20230615
Q10,전라남도교육청,8490058,여수고등학교,2023,1,20230613,주간,일반계,7차일반,1,1,1,3,체육,20230615
Q10,전라남도교육청,8490058,여수고등학교,2023,1,20230613,주간,일반계,7차일반,1,1,1,4,수학,20230615
Q10,전라남도교육청,8490058,여수고등학교,2023,1,20230613,주간,일반계,7차일반,1,1,1,5,보건,20230615
Q10,전라남도교육청,8490058,여수고등학교,2023,1,20230613,주간,일반계,7차일반,1,1,1,6,음악,20230615
Q10,전라남도교육청,8490058,여수고등학교,2023,1,20230613,주간,일반계,7차일반,1,1,1,7,한국사,20230615
Q10,전라남도교육청,8490058,여수고등학교,2023,1,20230612,주간,일반계,7차일반,1,1,1,1,자율활동,20230615
Q10,전라남도교육청,8490058,여수고등학교,2023,1,20230612,주간,일반계,7차일반,1,1,1,2,한문Ⅰ,20230615
Q10,전라남도교육청,8490058,여수고등학교,2023,1,20230612,주간,일반계,7차일반,1,1,1,3,국어,20230615
Q10,전라남도교육청,8490058,여수고등학교,2023,1,20230612,주간,일반계,7차일반,1,1,1,4,통합사회,20230615
Q10,전라남도교육청,8490058,여수고등학교,2023,1,20230612,주간,일반계,7차일반,1,1,1,5,국어,20230615
Q10,전라남도교육청,8490058,여수고등학교,2023,1,20230612,주간,일반계,7차일반,1,1,1,6,수학,20230615
Q10,전라남도교육청,8490058,여수고등학교,2023,1,20230612,주간,일반계,7차일반,1,1,1,7,음악,20230615
Q10,전라남도교육청,8490058,여수고등학교,2023,1,20230610,주간,일반계,7차일반,1,1,1,1,토요휴업일,20230611
Q10,전라남도교육청,8490058,여수고등학교,2023,1,20230610,주간,일반계,7차일반,1,1,1,2,토요휴업일,20230611
Q10,전라남도교육청,8490058,여수고등학교,2023,1,20230610,주간,일반계,7차일반,1,1,1,3,토요휴업일,20230611
Q10,전라남도교육청,8490058,여수고등학교,2023,1,20230610,주간,일반계,7차일반,1,1,1,4,토요휴업일,20230611
Q10,전라남도교육청,8490058,여수고등학교,2023,1,20230609,주간,일반계,7차일반,1,1,1,1,한국사,20230611
Q10,전라남도교육청,8490058,여수고등학교,2023,1,20230609,주간,일반계,7차일반,1,1,1,2,영어,20230611
Q10,전라남도교육청,8490058,여수고등학교,2023,1,20230609,주간,일반계,7차일반,1,1,1,3,체육,20230611
Q10,전라남도교육청,8490058,여수고등학교,2023,1,20230609,주간,일반계,7차일반,1,1,1,4,국어,20230611
Q10,전라남도교육청,8490058,여수고등학교,2023,1,20230609,주간,일반계,7차일반,1,1,1,5,한국사,20230611
Q10,전라남도교육청,8490058,여수고등학교,2023,1,20230609,주간,일반계,7차일반,1,1,1,6,수학,20230611
Q10,전라남도교육청,8490058,여수고등학교,2023,1,20230609,주간,일반계,7차일반,1,1,1,7,과학탐구실험,20230611
Q10,전라남도교육청,8490058,여수고등학교,2023,1,20230608,주간,일반계,7차일반,1,1,1,1,한문Ⅰ,20230611
Q10,전라남도교육청,8490058,여수고등학교,2023,1,20230608,주간,일반계,7차일반,1,1,1,2,통합사회,20230611
Q10,전라남도교육청,8490058,여수고등학교,2023,1,20230608,주간,일반계,7차일반,1,1,1,3,통합사회,20230611
Q10,전라남도교육청,8490058,여수고등학교,2023,1,20230608,주간,일반계,7차일반,1,1,1,4,음악,20230611
Q10,전라남도교육청,8490058,여수고등학교,2023,1,20230608,주간,일반계,7차일반,1,1,1,5,영어,20230611
Q10,전라남도교육청,8490058,여수고등학교,2023,1,20230608,주간,일반계,7차일반,1,1,1,6,통합과학,20230611
Q10,전라남도교육청,8490058,여수고등학교,2023,1,20230607,주간,일반계,7차일반,1,1,1,1,영어,20230611
Q10,전라남도교육청,8490058,여수고등학교,2023,1,20230607,주간,일반계,7차일반,1,1,1,2,진로활동,20230611
Q10,전라남도교육청,8490058,여수고등학교,2023,1,20230607,주간,일반계,7차일반,1,1,1,3,수학,20230611
Q10,전라남도교육청,8490058,여수고등학교,2023,1,20230607,주간,일반계,7차일반,1,1,1,4,통합과학,20230611
Q10,전라남도교육청,8490058,여수고등학교,2023,1,20230607,주간,일반계,7차일반,1,1,1,5,동아리활동,20230611
Q10,전라남도교육청,8490058,여수고등학교,2023,1,20230606,주간,일반계,7차일반,1,1,1,1,현충일,20230611
Q10,전라남도교육청,8490058,여수고등학교,2023,1,20230606,주간,일반계,7차일반,1,1,1,2,현충일,20230611
Q10,전라남도교육청,8490058,여수고등학교,2023,1,20230606,주간,일반계,7차일반,1,1,1,3,현충일,20230611
Q10,전라남도교육청,8490058,여수고등학교,2023,1,20230606,주간,일반계,7차일반,1,1,1,4,현충일,20230611
Q10,전라남도교육청,8490058,여수고등학교,2023,1,20230606,주간,일반계,7차일반,1,1,1,5,현충일,20230611
Q10,전라남도교육청,8490058,여수고등학교,2023,1,20230606,주간,일반계,7차일반,1,1,1,6,현충일,20230611
Q10,전라남도교육청,8490058,여수고등학교,2023,1,20230606,주간,일반계,7차일반,1,1,1,7,현충일,20230611
Q10,전라남도교육청,8490058,여수고등학교,2023,1,20230605,주간,일반계,7차일반,1,1,1,1,재량휴업일,20230611
Q10,전라남도교육청,8490058,여수고등학교,2023,1,20230605,주간,일반계,7차일반,1,1,1,2,재량휴업일,20230611
Q10,전라남도교육청,8490058,여수고등학교,2023,1,20230605,주간,일반계,7차일반,1,1,1,3,재량휴업일,20230611
Q10,전라남도교육청,8490058,여수고등학교,2023,1,20230605,주간,일반계,7차일반,1,1,1,4,재량휴업일,20230611
Q10,전라남도교육청,8490058,여수고등학교,2023,1,20230605,주간,일반계,7차일반,1,1,1,5,재량휴업일,20230611
Q10,전라남도교육청,8490058,여수고등학교,2023,1,20230605,주간,일반계,7차일반,1,1,1,6,재량휴업일,20230611
Q10,전라남도교육청,8490058,여수고등학교,2023,1,20230605,주간,일반계,7차일반,1,1,1,7,재량휴업일,20230611
Q10,전라남도교육청,8490058,여수고등학교,2023,1,20230603,주간,일반계,7차일반,1,1,1,1,토요휴업일,20230604
Q10,전라남도교육청,8490058,여수고등학교,2023,1,20230603,주간,일반계,7차일반,1,1,1,2,토요휴업일,20230604
Q10,전라남도교육청,8490058,여수고등학교,2023,1,20230603,주간,일반계,7차일반,1,1,1,3,토요휴업일,20230604
Q10,전라남도교육청,8490058,여수고등학교,2023,1,20230603,주간,일반계,7차일반,1,1,1,4,토요휴업일,20230604
Q10,전라남도교육청,8490058,여수고등학교,2023,1,20230602,주간,일반계,7차일반,1,1,1,1,한국사,20230604
Q10,전라남도교육청,8490058,여수고등학교,2023,1,20230602,주간,일반계,7차일반,1,1,1,2,영어,20230604
Q10,전라남도교육청,8490058,여수고등학교,2023,1,20230602,주간,일반계,7차일반,1,1,1,3,체육,20230604
Q10,전라남도교육청,8490058,여수고등학교,2023,1,20230602,주간,일반계,7차일반,1,1,1,4,국어,20230604
Q10,전라남도교육청,8490058,여수고등학교,2023,1,20230602,주간,일반계,7차일반,1,1,1,5,한국사,20230604
Q10,전라남도교육청,8490058,여수고등학교,2023,1,20230602,주간,일반계,7차일반,1,1,1,6,수학,20230604
Q10,전라남도교육청,8490058,여수고등학교,2023,1,20230602,주간,일반계,7차일반,1,1,1,7,과학탐구실험,20230604
Q10,전라남도교육청,8490058,여수고등학교,2023,1,20230601,주간,일반계,7차일반,1,1,1,1,한문Ⅰ,20230604
Q10,전라남도교육청,8490058,여수고등학교,2023,1,20230601,주간,일반계,7차일반,1,1,1,2,통합사회,20230604
Q10,전라남도교육청,8490058,여수고등학교,2023,1,20230601,주간,일반계,7차일반,1,1,1,3,통합사회,20230604
Q10,전라남도교육청,8490058,여수고등학교,2023,1,20230601,주간,일반계,7차일반,1,1,1,4,음악,20230604
Q10,전라남도교육청,8490058,여수고등학교,2023,1,20230601,주간,일반계,7차일반,1,1,1,5,영어,20230604
Q10,전라남도교육청,8490058,여수고등학교,2023,1,20230601,주간,일반계,7차일반,1,1,1,6,통합과학,20230604
Q10,전라남도교육청,8490058,여수고등학교,2023,1,20230531,주간,일반계,7차일반,1,1,1,1,영어,20230604
Q10,전라남도교육청,8490058,여수고등학교,2023,1,20230531,주간,일반계,7차일반,1,1,1,2,진로활동,20230604
Q10,전라남도교육청,8490058,여수고등학교,2023,1,20230531,주간,일반계,7차일반,1,1,1,3,수학,20230604
Q10,전라남도교육청,8490058,여수고등학교,2023,1,20230531,주간,일반계,7차일반,1,1,1,4,통합과학,20230604
Q10,전라남도교육청,8490058,여수고등학교,2023,1,20230531,주간,일반계,7차일반,1,1,1,5,동아리활동,20230604
Q10,전라남도교육청,8490058,여수고등학교,2023,1,20230530,주간,일반계,7차일반,1,1,1,1,영어,20230604
Q10,전라남도교육청,8490058,여수고등학교,2023,1,20230530,주간,일반계,7차일반,1,1,1,2,통합과학,20230604
Q10,전라남도교육청,8490058,여수고등학교,2023,1,20230530,주간,일반계,7차일반,1,1,1,3,[보강]체육,20230604
Q10,전라남도교육청,8490058,여수고등학교,2023,1,20230530,주간,일반계,7차일반,1,1,1,4,수학,20230604
Q10,전라남도교육청,8490058,여수고등학교,2023,1,20230530,주간,일반계,7차일반,1,1,1,5,보건,20230604
Q10,전라남도교육청,8490058,여수고등학교,2023,1,20230530,주간,일반계,7차일반,1,1,1,6,음악,20230604
Q10,전라남도교육청,8490058,여수고등학교,2023,1,20230530,주간,일반계,7차일반,1,1,1,7,한국사,20230604
Q10,전라남도교육청,8490058,여수고등학교,2023,1,20230529,주간,일반계,7차일반,1,1,1,1,대체공휴일,20230604
Q10,전라남도교육청,8490058,여수고등학교,2023,1,20230529,주간,일반계,7차일반,1,1,1,2,대체공휴일,20230604
Q10,전라남도교육청,8490058,여수고등학교,2023,1,20230529,주간,일반계,7차일반,1,1,1,3,대체공휴일,20230604
Q10,전라남도교육청,8490058,여수고등학교,2023,1,20230529,주간,일반계,7차일반,1,1,1,4,대체공휴일,20230604
Q10,전라남도교육청,8490058,여수고등학교,2023,1,20230529,주간,일반계,7차일반,1,1,1,5,대체공휴일,20230604
Q10,전라남도교육청,8490058,여수고등학교,2023,1,20230529,주간,일반계,7차일반,1,1,1,6,대체공휴일,20230604
Q10,전라남도교육청,8490058,여수고등학교,2023,1,20230529,주간,일반계,7차일반,1,1,1,7,대체공휴일,20230604
Q10,전라남도교육청,8490058,여수고등학교,2023,1,20230527,주간,일반계,7차일반,1,1,1,1,부처님오신날(석가탄신일),20230526
Q10,전라남도교육청,8490058,여수고등학교,2023,1,20230527,주간,일반계,7차일반,1,1,1,2,부처님오신날(석가탄신일),20230526
Q10,전라남도교육청,8490058,여수고등학교,2023,1,20230527,주간,일반계,7차일반,1,1,1,3,부처님오신날(석가탄신일),20230526
Q10,전라남도교육청,8490058,여수고등학교,2023,1,20230527,주간,일반계,7차일반,1,1,1,4,부처님오신날(석가탄신일),20230526
Q10,전라남도교육청,8490058,여수고등학교,2023,1,20230526,주간,일반계,7차일반,1,1,1,1,한국사,20230526
Q10,전라남도교육청,8490058,여수고등학교,2023,1,20230526,주간,일반계,7차일반,1,1,1,2,영어,20230526
Q10,전라남도교육청,8490058,여수고등학교,2023,1,20230526,주간,일반계,7차일반,1,1,1,3,[보강]체육,20230526
Q10,전라남도교육청,8490058,여수고등학교,2023,1,20230526,주간,일반계,7차일반,1,1,1,4,국어,20230526
Q10,전라남도교육청,8490058,여수고등학교,2023,1,20230526,주간,일반계,7차일반,1,1,1,5,한국사,20230526
Q10,전라남도교육청,8490058,여수고등학교,2023,1,20230526,주간,일반계,7차일반,1,1,1,6,수학,20230526
Q10,전라남도교육청,8490058,여수고등학교,2023,1,20230526,주간,일반계,7차일반,1,1,1,7,과학탐구실험,20230526
Q10,전라남도교육청,8490058,여수고등학교,2023,1,20230525,주간,일반계,7차일반,1,1,1,1,한문Ⅰ,20230526
Q10,전라남도교육청,8490058,여수고등학교,2023,1,20230525,주간,일반계,7차일반,1,1,1,2,통합사회,20230526
Q10,전라남도교육청,8490058,여수고등학교,2023,1,20230525,주간,일반계,7차일반,1,1,1,3,통합사회,20230526
Q10,전라남도교육청,8490058,여수고등학교,2023,1,20230525,주간,일반계,7차일반,1,1,1,4,음악,20230526
Q10,전라남도교육청,8490058,여수고등학교,2023,1,20230525,주간,일반계,7차일반,1,1,1,5,영어,20230526
Q10,전라남도교육청,8490058,여수고등학교,2023,1,20230525,주간,일반계,7차일반,1,1,1,6,통합과학,20230526
Q10,전라남도교육청,8490058,여수고등학교,2023,1,20230524,주간,일반계,7차일반,1,1,1,1,영어,20230526
Q10,전라남도교육청,8490058,여수고등학교,2023,1,20230524,주간,일반계,7차일반,1,1,1,2,진로활동,20230526
Q10,전라남도교육청,8490058,여수고등학교,2023,1,20230524,주간,일반계,7차일반,1,1,1,3,수학,20230526
Q10,전라남도교육청,8490058,여수고등학교,2023,1,20230524,주간,일반계,7차일반,1,1,1,4,통합과학,20230526
Q10,전라남도교육청,8490058,여수고등학교,2023,1,20230524,주간,일반계,7차일반,1,1,1,5,동아리활동,20230526
Q10,전라남도교육청,8490058,여수고등학교,2023,1,20230523,주간,일반계,7차일반,1,1,1,1,영어,20230526
Q10,전라남도교육청,8490058,여수고등학교,2023,1,20230523,주간,일반계,7차일반,1,1,1,2,통합과학,20230526
Q10,전라남도교육청,8490058,여수고등학교,2023,1,20230523,주간,일반계,7차일반,1,1,1,3,체육,20230526
Q10,전라남도교육청,8490058,여수고등학교,2023,1,20230523,주간,일반계,7차일반,1,1,1,4,수학,20230526
Q10,전라남도교육청,8490058,여수고등학교,2023,1,20230523,주간,일반계,7차일반,1,1,1,5,보건,20230526
Q10,전라남도교육청,8490058,여수고등학교,2023,1,20230523,주간,일반계,7차일반,1,1,1,6,음악,20230526
Q10,전라남도교육청,8490058,여수고등학교,2023,1,20230523,주간,일반계,7차일반,1,1,1,7,한국사,20230526
Q10,전라남도교육청,8490058,여수고등학교,2023,1,20230522,주간,일반계,7차일반,1,1,1,1,자율활동,20230526
Q10,전라남도교육청,8490058,여수고등학교,2023,1,20230522,주간,일반계,7차일반,1,1,1,2,한문Ⅰ,20230526
Q10,전라남도교육청,8490058,여수고등학교,2023,1,20230522,주간,일반계,7차일반,1,1,1,3,국어,20230526
Q10,전라남도교육청,8490058,여수고등학교,2023,1,20230522,주간,일반계,7차일반,1,1,1,4,통합사회,20230526
Q10,전라남도교육청,8490058,여수고등학교,2023,1,20230522,주간,일반계,7차일반,1,1,1,5,국어,20230526
Q10,전라남도교육청,8490058,여수고등학교,2023,1,20230522,주간,일반계,7차일반,1,1,1,6,수학,20230526
Q10,전라남도교육청,8490058,여수고등학교,2023,1,20230522,주간,일반계,7차일반,1,1,1,7,음악,20230526
Q10,전라남도교육청,8490058,여수고등학교,2023,1,20230520,주간,일반계,7차일반,1,1,1,1,거문도 탐방(1/2학년),20230521
Q10,전라남도교육청,8490058,여수고등학교,2023,1,20230520,주간,일반계,7차일반,1,1,1,2,거문도 탐방(1/2학년),20230521
Q10,전라남도교육청,8490058,여수고등학교,2023,1,20230520,주간,일반계,7차일반,1,1,1,3,거문도 탐방(1/2학년),20230521
Q10,전라남도교육청,8490058,여수고등학교,2023,1,20230520,주간,일반계,7차일반,1,1,1,4,거문도 탐방(1/2학년),20230521
Q10,전라남도교육청,8490058,여수고등학교,2023,1,20230519,주간,일반계,7차일반,1,1,1,1,한국사,20230521
Q10,전라남도교육청,8490058,여수고등학교,2023,1,20230519,주간,일반계,7차일반,1,1,1,2,영어,20230521
Q10,전라남도교육청,8490058,여수고등학교,2023,1,20230519,주간,일반계,7차일반,1,1,1,3,체육,20230521
Q10,전라남도교육청,8490058,여수고등학교,2023,1,20230519,주간,일반계,7차일반,1,1,1,4,국어,20230521
Q10,전라남도교육청,8490058,여수고등학교,2023,1,20230519,주간,일반계,7차일반,1,1,1,5,한국사,20230521
Q10,전라남도교육청,8490058,여수고등학교,2023,1,20230519,주간,일반계,7차일반,1,1,1,6,수학,20230521
Q10,전라남도교육청,8490058,여수고등학교,2023,1,20230519,주간,일반계,7차일반,1,1,1,7,과학탐구실험,20230521
Q10,전라남도교육청,8490058,여수고등학교,2023,1,20230518,주간,일반계,7차일반,1,1,1,1,한문Ⅰ,20230521
Q10,전라남도교육청,8490058,여수고등학교,2023,1,20230518,주간,일반계,7차일반,1,1,1,2,통합사회,20230521
Q10,전라남도교육청,8490058,여수고등학교,2023,1,20230518,주간,일반계,7차일반,1,1,1,3,통합사회,20230521
Q10,전라남도교육청,8490058,여수고등학교,2023,1,20230518,주간,일반계,7차일반,1,1,1,4,음악,20230521
Q10,전라남도교육청,8490058,여수고등학교,2023,1,20230518,주간,일반계,7차일반,1,1,1,5,영어,20230521
Q10,전라남도교육청,8490058,여수고등학교,2023,1,20230518,주간,일반계,7차일반,1,1,1,6,통합과학,20230521
Q10,전라남도교육청,8490058,여수고등학교,2023,1,20230517,주간,일반계,7차일반,1,1,1,1,영어,20230521
Q10,전라남도교육청,8490058,여수고등학교,2023,1,20230517,주간,일반계,7차일반,1,1,1,2,진로활동,20230521
Q10,전라남도교육청,8490058,여수고등학교,2023,1,20230517,주간,일반계,7차일반,1,1,1,3,수학,20230521
Q10,전라남도교육청,8490058,여수고등학교,2023,1,20230517,주간,일반계,7차일반,1,1,1,4,통합과학,20230521
Q10,전라남도교육청,8490058,여수고등학교,2023,1,20230517,주간,일반계,7차일반,1,1,1,5,동아리활동,20230521
Q10,전라남도교육청,8490058,여수고등학교,2023,1,20230516,주간,일반계,7차일반,1,1,1,1,영어,20230521
Q10,전라남도교육청,8490058,여수고등학교,2023,1,20230516,주간,일반계,7차일반,1,1,1,2,통합과학,20230521
Q10,전라남도교육청,8490058,여수고등학교,2023,1,20230516,주간,일반계,7차일반,1,1,1,3,체육,20230521
Q10,전라남도교육청,8490058,여수고등학교,2023,1,20230516,주간,일반계,7차일반,1,1,1,4,수학,20230521
Q10,전라남도교육청,8490058,여수고등학교,2023,1,20230516,주간,일반계,7차일반,1,1,1,5,보건,20230521
Q10,전라남도교육청,8490058,여수고등학교,2023,1,20230516,주간,일반계,7차일반,1,1,1,6,음악,20230521
Q10,전라남도교육청,8490058,여수고등학교,2023,1,20230516,주간,일반계,7차일반,1,1,1,7,한국사,20230521
Q10,전라남도교육청,8490058,여수고등학교,2023,1,20230515,주간,일반계,7차일반,1,1,1,1,자율활동,20230521
Q10,전라남도교육청,8490058,여수고등학교,2023,1,20230515,주간,일반계,7차일반,1,1,1,2,한문Ⅰ,20230521
Q10,전라남도교육청,8490058,여수고등학교,2023,1,20230515,주간,일반계,7차일반,1,1,1,3,국어,20230521
Q10,전라남도교육청,8490058,여수고등학교,2023,1,20230515,주간,일반계,7차일반,1,1,1,4,통합사회,20230521
Q10,전라남도교육청,8490058,여수고등학교,2023,1,20230515,주간,일반계,7차일반,1,1,1,5,국어,20230521
Q10,전라남도교육청,8490058,여수고등학교,2023,1,20230515,주간,일반계,7차일반,1,1,1,6,수학,20230521
Q10,전라남도교육청,8490058,여수고등학교,2023,1,20230515,주간,일반계,7차일반,1,1,1,7,음악,20230521
Q10,전라남도교육청,8490058,여수고등학교,2023,1,20230513,주간,일반계,7차일반,1,1,1,1,토요휴업일,20230514
Q10,전라남도교육청,8490058,여수고등학교,2023,1,20230513,주간,일반계,7차일반,1,1,1,2,토요휴업일,20230514
Q10,전라남도교육청,8490058,여수고등학교,2023,1,20230513,주간,일반계,7차일반,1,1,1,3,토요휴업일,20230514
Q10,전라남도교육청,8490058,여수고등학교,2023,1,20230513,주간,일반계,7차일반,1,1,1,4,토요휴업일,20230514
Q10,전라남도교육청,8490058,여수고등학교,2023,1,20230512,주간,일반계,7차일반,1,1,1,1,동아리활동,20230514
Q10,전라남도교육청,8490058,여수고등학교,2023,1,20230512,주간,일반계,7차일반,1,1,1,2,동아리활동,20230514
Q10,전라남도교육청,8490058,여수고등학교,2023,1,20230512,주간,일반계,7차일반,1,1,1,3,동아리활동,20230514
Q10,전라남도교육청,8490058,여수고등학교,2023,1,20230512,주간,일반계,7차일반,1,1,1,4,동아리활동,20230514
Q10,전라남도교육청,8490058,여수고등학교,2023,1,20230512,주간,일반계,7차일반,1,1,1,5,동아리활동,20230514
Q10,전라남도교육청,8490058,여수고등학교,2023,1,20230512,주간,일반계,7차일반,1,1,1,6,동아리활동,20230514
Q10,전라남도교육청,8490058,여수고등학교,2023,1,20230512,주간,일반계,7차일반,1,1,1,7,봉사활동,20230514
Q10,전라남도교육청,8490058,여수고등학교,2023,1,20230511,주간,일반계,7차일반,1,1,1,1,체육한마당,20230514
Q10,전라남도교육청,8490058,여수고등학교,2023,1,20230511,주간,일반계,7차일반,1,1,1,2,체육한마당,20230514
Q10,전라남도교육청,8490058,여수고등학교,2023,1,20230511,주간,일반계,7차일반,1,1,1,3,체육한마당,20230514
Q10,전라남도교육청,8490058,여수고등학교,2023,1,20230511,주간,일반계,7차일반,1,1,1,4,체육한마당,20230514
Q10,전라남도교육청,8490058,여수고등학교,2023,1,20230511,주간,일반계,7차일반,1,1,1,5,체육한마당,20230514
Q10,전라남도교육청,8490058,여수고등학교,2023,1,20230511,주간,일반계,7차일반,1,1,1,6,체육한마당,20230514
Q10,전라남도교육청,8490058,여수고등학교,2023,1,20230511,주간,일반계,7차일반,1,1,1,7,봉사활동,20230514
Q10,전라남도교육청,8490058,여수고등학교,2023,1,20230510,주간,일반계,7차일반,1,1,1,1,영어,20230514
Q10,전라남도교육청,8490058,여수고등학교,2023,1,20230510,주간,일반계,7차일반,1,1,1,2,진로활동,20230514
Q10,전라남도교육청,8490058,여수고등학교,2023,1,20230510,주간,일반계,7차일반,1,1,1,3,수학,20230514
Q10,전라남도교육청,8490058,여수고등학교,2023,1,20230510,주간,일반계,7차일반,1,1,1,4,통합과학,20230514
Q10,전라남도교육청,8490058,여수고등학교,2023,1,20230510,주간,일반계,7차일반,1,1,1,5,보건,20230514
Q10,전라남도교육청,8490058,여수고등학교,2023,1,20230510,주간,일반계,7차일반,1,1,1,6,음악,20230514
Q10,전라남도교육청,8490058,여수고등학교,2023,1,20230510,주간,일반계,7차일반,1,1,1,7,한국사,20230514
Q10,전라남도교육청,8490058,여수고등학교,2023,1,20230509,주간,일반계,7차일반,1,1,1,1,영어,20230514
Q10,전라남도교육청,8490058,여수고등학교,2023,1,20230509,주간,일반계,7차일반,1,1,1,2,통합과학,20230514
Q10,전라남도교육청,8490058,여수고등학교,2023,1,20230509,주간,일반계,7차일반,1,1,1,3,체육,20230514
Q10,전라남도교육청,8490058,여수고등학교,2023,1,20230509,주간,일반계,7차일반,1,1,1,4,수학,20230514
Q10,전라남도교육청,8490058,여수고등학교,2023,1,20230509,주간,일반계,7차일반,1,1,1,5,동아리활동,20230514
Q10,전라남도교육청,8490058,여수고등학교,2023,1,20230508,주간,일반계,7차일반,1,1,1,1,자율활동,20230514
Q10,전라남도교육청,8490058,여수고등학교,2023,1,20230508,주간,일반계,7차일반,1,1,1,2,한문Ⅰ,20230514
Q10,전라남도교육청,8490058,여수고등학교,2023,1,20230508,주간,일반계,7차일반,1,1,1,3,국어,20230514
Q10,전라남도교육청,8490058,여수고등학교,2023,1,20230508,주간,일반계,7차일반,1,1,1,4,통합사회,20230514
Q10,전라남도교육청,8490058,여수고등학교,2023,1,20230508,주간,일반계,7차일반,1,1,1,5,국어,20230514
Q10,전라남도교육청,8490058,여수고등학교,2023,1,20230508,주간,일반계,7차일반,1,1,1,6,수학,20230514
Q10,전라남도교육청,8490058,여수고등학교,2023,1,20230508,주간,일반계,7차일반,1,1,1,7,음악,20230514
Q10,전라남도교육청,8490058,여수고등학교,2023,1,20230506,주간,일반계,7차일반,1,1,1,1,토요휴업일,20230507
Q10,전라남도교육청,8490058,여수고등학교,2023,1,20230506,주간,일반계,7차일반,1,1,1,2,토요휴업일,20230507
Q10,전라남도교육청,8490058,여수고등학교,2023,1,20230506,주간,일반계,7차일반,1,1,1,3,토요휴업일,20230507
Q10,전라남도교육청,8490058,여수고등학교,2023,1,20230506,주간,일반계,7차일반,1,1,1,4,토요휴업일,20230507
Q10,전라남도교육청,8490058,여수고등학교,2023,1,20230505,주간,일반계,7차일반,1,1,1,1,어린이날,20230507
Q10,전라남도교육청,8490058,여수고등학교,2023,1,20230505,주간,일반계,7차일반,1,1,1,2,어린이날,20230507
Q10,전라남도교육청,8490058,여수고등학교,2023,1,20230505,주간,일반계,7차일반,1,1,1,3,어린이날,20230507
Q10,전라남도교육청,8490058,여수고등학교,2023,1,20230505,주간,일반계,7차일반,1,1,1,4,어린이날,20230507
Q10,전라남도교육청,8490058,여수고등학교,2023,1,20230505,주간,일반계,7차일반,1,1,1,5,어린이날,20230507
Q10,전라남도교육청,8490058,여수고등학교,2023,1,20230505,주간,일반계,7차일반,1,1,1,6,어린이날,20230507
Q10,전라남도교육청,8490058,여수고등학교,2023,1,20230505,주간,일반계,7차일반,1,1,1,7,어린이날,20230507
Q10,전라남도교육청,8490058,여수고등학교,2023,1,20230504,주간,일반계,7차일반,1,1,1,1,수학여행(1학년),20230507
Q10,전라남도교육청,8490058,여수고등학교,2023,1,20230504,주간,일반계,7차일반,1,1,1,2,수학여행(1학년),20230507
Q10,전라남도교육청,8490058,여수고등학교,2023,1,20230504,주간,일반계,7차일반,1,1,1,3,수학여행(1학년),20230507
Q10,전라남도교육청,8490058,여수고등학교,2023,1,20230504,주간,일반계,7차일반,1,1,1,4,수학여행(1학년),20230507
Q10,전라남도교육청,8490058,여수고등학교,2023,1,20230504,주간,일반계,7차일반,1,1,1,5,수학여행(1학년),20230507
Q10,전라남도교육청,8490058,여수고등학교,2023,1,20230504,주간,일반계,7차일반,1,1,1,6,수학여행(1학년),20230507
Q10,전라남도교육청,8490058,여수고등학교,2023,1,20230503,주간,일반계,7차일반,1,1,1,1,수학여행(1학년),20230507
Q10,전라남도교육청,8490058,여수고등학교,2023,1,20230503,주간,일반계,7차일반,1,1,1,2,수학여행(1학년),20230507
Q10,전라남도교육청,8490058,여수고등학교,2023,1,20230503,주간,일반계,7차일반,1,1,1,3,수학여행(1학년),20230507
Q10,전라남도교육청,8490058,여수고등학교,2023,1,20230503,주간,일반계,7차일반,1,1,1,4,수학여행(1학년),20230507
Q10,전라남도교육청,8490058,여수고등학교,2023,1,20230503,주간,일반계,7차일반,1,1,1,5,수학여행(1학년),20230507
Q10,전라남도교육청,8490058,여수고등학교,2023,1,20230502,주간,일반계,7차일반,1,1,1,1,수학여행(1학년),20230507
Q10,전라남도교육청,8490058,여수고등학교,2023,1,20230502,주간,일반계,7차일반,1,1,1,2,수학여행(1학년),20230507
Q10,전라남도교육청,8490058,여수고등학교,2023,1,20230502,주간,일반계,7차일반,1,1,1,3,수학여행(1학년),20230507
Q10,전라남도교육청,8490058,여수고등학교,2023,1,20230502,주간,일반계,7차일반,1,1,1,4,수학여행(1학년),20230507
Q10,전라남도교육청,8490058,여수고등학교,2023,1,20230502,주간,일반계,7차일반,1,1,1,5,수학여행(1학년),20230507
Q10,전라남도교육청,8490058,여수고등학교,2023,1,20230502,주간,일반계,7차일반,1,1,1,6,수학여행(1학년),20230507
Q10,전라남도교육청,8490058,여수고등학교,2023,1,20230502,주간,일반계,7차일반,1,1,1,7,수학여행(1학년),20230507
Q10,전라남도교육청,8490058,여수고등학교,2023,1,20230501,주간,일반계,7차일반,1,1,1,1,한문Ⅰ,20230507
Q10,전라남도교육청,8490058,여수고등학교,2023,1,20230501,주간,일반계,7차일반,1,1,1,2,국어,20230507
Q10,전라남도교육청,8490058,여수고등학교,2023,1,20230501,주간,일반계,7차일반,1,1,1,3,통합사회,20230507
Q10,전라남도교육청,8490058,여수고등학교,2023,1,20230501,주간,일반계,7차일반,1,1,1,4,국어,20230507
Q10,전라남도교육청,8490058,여수고등학교,2023,1,20230501,주간,일반계,7차일반,1,1,1,5,자율활동,20230507
Q10,전라남도교육청,8490058,여수고등학교,2023,1,20230429,주간,일반계,7차일반,1,1,1,1,토요휴업일,20230430
Q10,전라남도교육청,8490058,여수고등학교,2023,1,20230429,주간,일반계,7차일반,1,1,1,2,토요휴업일,20230430
Q10,전라남도교육청,8490058,여수고등학교,2023,1,20230429,주간,일반계,7차일반,1,1,1,3,토요휴업일,20230430
Q10,전라남도교육청,8490058,여수고등학교,2023,1,20230429,주간,일반계,7차일반,1,1,1,4,토요휴업일,20230430
Q10,전라남도교육청,8490058,여수고등학교,2023,1,20230428,주간,일반계,7차일반,1,1,1,1,중간고사국어,20230430
Q10,전라남도교육청,8490058,여수고등학교,2023,1,20230428,주간,일반계,7차일반,1,1,1,1,중간고사국어,20230430
Q10,전라남도교육청,8490058,여수고등학교,2023,1,20230428,주간,일반계,7차일반,1,1,1,2,중간고사한국사,20230430
Q10,전라남도교육청,8490058,여수고등학교,2023,1,20230428,주간,일반계,7차일반,1,1,1,3,중간고사한문Ⅰ,20230430
Q10,전라남도교육청,8490058,여수고등학교,2023,1,20230428,주간,일반계,7차일반,1,1,1,4,국어,20230430
Q10,전라남도교육청,8490058,여수고등학교,2023,1,20230428,주간,일반계,7차일반,1,1,1,5,한국사,20230430
Q10,전라남도교육청,8490058,여수고등학교,2023,1,20230428,주간,일반계,7차일반,1,1,1,6,수학,20230430
Q10,전라남도교육청,8490058,여수고등학교,2023,1,20230428,주간,일반계,7차일반,1,1,1,7,과학탐구실험,20230430
Q10,전라남도교육청,8490058,여수고등학교,2023,1,20230427,주간,일반계,7차일반,1,1,1,1,중간고사수학,20230430
Q10,전라남도교육청,8490058,여수고등학교,2023,1,20230427,주간,일반계,7차일반,1,1,1,1,중간고사수학,20230430
Q10,전라남도교육청,8490058,여수고등학교,2023,1,20230427,주간,일반계,7차일반,1,1,1,2,자율학습,20230430
Q10,전라남도교육청,8490058,여수고등학교,2023,1,20230427,주간,일반계,7차일반,1,1,1,3,중간고사통합사회,20230430
Q10,전라남도교육청,8490058,여수고등학교,2023,1,20230426,주간,일반계,7차일반,1,1,1,1,중간고사통합과학,20230430
Q10,전라남도교육청,8490058,여수고등학교,2023,1,20230426,주간,일반계,7차일반,1,1,1,1,중간고사통합과학,20230430
Q10,전라남도교육청,8490058,여수고등학교,2023,1,20230426,주간,일반계,7차일반,1,1,1,2,자율학습,20230430
Q10,전라남도교육청,8490058,여수고등학교,2023,1,20230426,주간,일반계,7차일반,1,1,1,3,중간고사영어,20230430
Q10,전라남도교육청,8490058,여수고등학교,2023,1,20230426,주간,일반계,7차일반,1,1,1,3,중간고사영어,20230430
Q10,전라남도교육청,8490058,여수고등학교,2023,1,20230425,주간,일반계,7차일반,1,1,1,1,영어,20230430
Q10,전라남도교육청,8490058,여수고등학교,2023,1,20230425,주간,일반계,7차일반,1,1,1,2,통합과학,20230430
Q10,전라남도교육청,8490058,여수고등학교,2023,1,20230425,주간,일반계,7차일반,1,1,1,3,체육,20230430
Q10,전라남도교육청,8490058,여수고등학교,2023,1,20230425,주간,일반계,7차일반,1,1,1,4,수학,20230430
Q10,전라남도교육청,8490058,여수고등학교,2023,1,20230425,주간,일반계,7차일반,1,1,1,5,보건,20230430
Q10,전라남도교육청,8490058,여수고등학교,2023,1,20230425,주간,일반계,7차일반,1,1,1,6,음악,20230430
Q10,전라남도교육청,8490058,여수고등학교,2023,1,20230425,주간,일반계,7차일반,1,1,1,7,한국사,20230430
Q10,전라남도교육청,8490058,여수고등학교,2023,1,20230424,주간,일반계,7차일반,1,1,1,1,자율활동,20230430
Q10,전라남도교육청,8490058,여수고등학교,2023,1,20230424,주간,일반계,7차일반,1,1,1,2,한문Ⅰ,20230430
Q10,전라남도교육청,8490058,여수고등학교,2023,1,20230424,주간,일반계,7차일반,1,1,1,3,국어,20230430
Q10,전라남도교육청,8490058,여수고등학교,2023,1,20230424,주간,일반계,7차일반,1,1,1,4,통합사회,20230430
Q10,전라남도교육청,8490058,여수고등학교,2023,1,20230424,주간,일반계,7차일반,1,1,1,5,국어,20230430
Q10,전라남도교육청,8490058,여수고등학교,2023,1,20230424,주간,일반계,7차일반,1,1,1,6,수학,20230430
Q10,전라남도교육청,8490058,여수고등학교,2023,1,20230424,주간,일반계,7차일반,1,1,1,7,음악,20230430
Q10,전라남도교육청,8490058,여수고등학교,2023,1,20230422,주간,일반계,7차일반,1,1,1,1,토요휴업일,20230423
Q10,전라남도교육청,8490058,여수고등학교,2023,1,20230422,주간,일반계,7차일반,1,1,1,2,토요휴업일,20230423
Q10,전라남도교육청,8490058,여수고등학교,2023,1,20230422,주간,일반계,7차일반,1,1,1,3,토요휴업일,20230423
Q10,전라남도교육청,8490058,여수고등학교,2023,1,20230422,주간,일반계,7차일반,1,1,1,4,토요휴업일,20230423
Q10,전라남도교육청,8490058,여수고등학교,2023,1,20230421,주간,일반계,7차일반,1,1,1,1,한국사,20230423
Q10,전라남도교육청,8490058,여수고등학교,2023,1,20230421,주간,일반계,7차일반,1,1,1,2,영어,20230423
Q10,전라남도교육청,8490058,여수고등학교,2023,1,20230421,주간,일반계,7차일반,1,1,1,3,체육,20230423
Q10,전라남도교육청,8490058,여수고등학교,2023,1,20230421,주간,일반계,7차일반,1,1,1,4,국어,20230423
Q10,전라남도교육청,8490058,여수고등학교,2023,1,20230421,주간,일반계,7차일반,1,1,1,5,한국사,20230423
Q10,전라남도교육청,8490058,여수고등학교,2023,1,20230421,주간,일반계,7차일반,1,1,1,6,수학,20230423
Q10,전라남도교육청,8490058,여수고등학교,2023,1,20230421,주간,일반계,7차일반,1,1,1,7,과학탐구실험,20230423
Q10,전라남도교육청,8490058,여수고등학교,2023,1,20230420,주간,일반계,7차일반,1,1,1,1,한문Ⅰ,20230423
Q10,전라남도교육청,8490058,여수고등학교,2023,1,20230420,주간,일반계,7차일반,1,1,1,2,통합사회,20230423
Q10,전라남도교육청,8490058,여수고등학교,2023,1,20230420,주간,일반계,7차일반,1,1,1,3,통합사회,20230423
Q10,전라남도교육청,8490058,여수고등학교,2023,1,20230420,주간,일반계,7차일반,1,1,1,4,음악,20230423
Q10,전라남도교육청,8490058,여수고등학교,2023,1,20230420,주간,일반계,7차일반,1,1,1,5,음악,20230423
Q10,전라남도교육청,8490058,여수고등학교,2023,1,20230420,주간,일반계,7차일반,1,1,1,6,통합과학,20230423
Q10,전라남도교육청,8490058,여수고등학교,2023,1,20230419,주간,일반계,7차일반,1,1,1,1,영어,20230423
Q10,전라남도교육청,8490058,여수고등학교,2023,1,20230419,주간,일반계,7차일반,1,1,1,2,진로활동,20230423
Q10,전라남도교육청,8490058,여수고등학교,2023,1,20230419,주간,일반계,7차일반,1,1,1,3,수학,20230423
Q10,전라남도교육청,8490058,여수고등학교,2023,1,20230419,주간,일반계,7차일반,1,1,1,4,통합과학,20230423
Q10,전라남도교육청,8490058,여수고등학교,2023,1,20230419,주간,일반계,7차일반,1,1,1,5,동아리활동,20230423
Q10,전라남도교육청,8490058,여수고등학교,2023,1,20230418,주간,일반계,7차일반,1,1,1,1,영어,20230423
Q10,전라남도교육청,8490058,여수고등학교,2023,1,20230418,주간,일반계,7차일반,1,1,1,2,통합과학,20230423
Q10,전라남도교육청,8490058,여수고등학교,2023,1,20230418,주간,일반계,7차일반,1,1,1,3,체육,20230423
Q10,전라남도교육청,8490058,여수고등학교,2023,1,20230418,주간,일반계,7차일반,1,1,1,4,수학,20230423
Q10,전라남도교육청,8490058,여수고등학교,2023,1,20230418,주간,일반계,7차일반,1,1,1,5,보건,20230423
Q10,전라남도교육청,8490058,여수고등학교,2023,1,20230418,주간,일반계,7차일반,1,1,1,6,음악,20230423
Q10,전라남도교육청,8490058,여수고등학교,2023,1,20230418,주간,일반계,7차일반,1,1,1,7,한국사,20230423
Q10,전라남도교육청,8490058,여수고등학교,2023,1,20230417,주간,일반계,7차일반,1,1,1,1,자율활동,20230423
Q10,전라남도교육청,8490058,여수고등학교,2023,1,20230417,주간,일반계,7차일반,1,1,1,2,한문Ⅰ,20230423
Q10,전라남도교육청,8490058,여수고등학교,2023,1,20230417,주간,일반계,7차일반,1,1,1,3,국어,20230423
Q10,전라남도교육청,8490058,여수고등학교,2023,1,20230417,주간,일반계,7차일반,1,1,1,4,통합사회,20230423
Q10,전라남도교육청,8490058,여수고등학교,2023,1,20230417,주간,일반계,7차일반,1,1,1,5,국어,20230423
Q10,전라남도교육청,8490058,여수고등학교,2023,1,20230417,주간,일반계,7차일반,1,1,1,6,수학,20230423
Q10,전라남도교육청,8490058,여수고등학교,2023,1,20230417,주간,일반계,7차일반,1,1,1,7,영어,20230423
Q10,전라남도교육청,8490058,여수고등학교,2023,1,20230415,주간,일반계,7차일반,1,1,1,1,토요휴업일,20230416
Q10,전라남도교육청,8490058,여수고등학교,2023,1,20230415,주간,일반계,7차일반,1,1,1,2,토요휴업일,20230416
Q10,전라남도교육청,8490058,여수고등학교,2023,1,20230415,주간,일반계,7차일반,1,1,1,3,토요휴업일,20230416
Q10,전라남도교육청,8490058,여수고등학교,2023,1,20230415,주간,일반계,7차일반,1,1,1,4,토요휴업일,20230416
Q10,전라남도교육청,8490058,여수고등학교,2023,1,20230414,주간,일반계,7차일반,1,1,1,1,한국사,20230416
Q10,전라남도교육청,8490058,여수고등학교,2023,1,20230414,주간,일반계,7차일반,1,1,1,2,영어,20230416
Q10,전라남도교육청,8490058,여수고등학교,2023,1,20230414,주간,일반계,7차일반,1,1,1,3,체육,20230416
Q10,전라남도교육청,8490058,여수고등학교,2023,1,20230414,주간,일반계,7차일반,1,1,1,4,국어,20230416
Q10,전라남도교육청,8490058,여수고등학교,2023,1,20230414,주간,일반계,7차일반,1,1,1,5,한국사,20230416
Q10,전라남도교육청,8490058,여수고등학교,2023,1,20230414,주간,일반계,7차일반,1,1,1,6,수학,20230416
Q10,전라남도교육청,8490058,여수고등학교,2023,1,20230414,주간,일반계,7차일반,1,1,1,7,과학탐구실험,20230416
Q10,전라남도교육청,8490058,여수고등학교,2023,1,20230413,주간,일반계,7차일반,1,1,1,1,한문Ⅰ,20230416
Q10,전라남도교육청,8490058,여수고등학교,2023,1,20230413,주간,일반계,7차일반,1,1,1,2,통합사회,20230416
Q10,전라남도교육청,8490058,여수고등학교,2023,1,20230413,주간,일반계,7차일반,1,1,1,3,통합사회,20230416
Q10,전라남도교육청,8490058,여수고등학교,2023,1,20230413,주간,일반계,7차일반,1,1,1,4,음악,20230416
Q10,전라남도교육청,8490058,여수고등학교,2023,1,20230413,주간,일반계,7차일반,1,1,1,5,영어,20230416
Q10,전라남도교육청,8490058,여수고등학교,2023,1,20230413,주간,일반계,7차일반,1,1,1,6,영어,20230416
Q10,전라남도교육청,8490058,여수고등학교,2023,1,20230412,주간,일반계,7차일반,1,1,1,1,통합과학,20230416
Q10,전라남도교육청,8490058,여수고등학교,2023,1,20230412,주간,일반계,7차일반,1,1,1,2,진로활동,20230416
Q10,전라남도교육청,8490058,여수고등학교,2023,1,20230412,주간,일반계,7차일반,1,1,1,3,수학,20230416
Q10,전라남도교육청,8490058,여수고등학교,2023,1,20230412,주간,일반계,7차일반,1,1,1,4,통합과학,20230416
Q10,전라남도교육청,8490058,여수고등학교,2023,1,20230412,주간,일반계,7차일반,1,1,1,5,통합과학,20230416
Q10,전라남도교육청,8490058,여수고등학교,2023,1,20230412,주간,일반계,7차일반,1,1,1,6,수학,20230416
Q10,전라남도교육청,8490058,여수고등학교,2023,1,20230412,주간,일반계,7차일반,1,1,1,7,과학탐구실험,20230416
Q10,전라남도교육청,8490058,여수고등학교,2023,1,20230411,주간,일반계,7차일반,1,1,1,1,영어,20230416
Q10,전라남도교육청,8490058,여수고등학교,2023,1,20230411,주간,일반계,7차일반,1,1,1,2,통합과학,20230416
Q10,전라남도교육청,8490058,여수고등학교,2023,1,20230411,주간,일반계,7차일반,1,1,1,3,체육,20230416
Q10,전라남도교육청,8490058,여수고등학교,2023,1,20230411,주간,일반계,7차일반,1,1,1,4,수학,20230416
Q10,전라남도교육청,8490058,여수고등학교,2023,1,20230411,주간,일반계,7차일반,1,1,1,5,보건,20230416
Q10,전라남도교육청,8490058,여수고등학교,2023,1,20230411,주간,일반계,7차일반,1,1,1,6,음악,20230416
Q10,전라남도교육청,8490058,여수고등학교,2023,1,20230411,주간,일반계,7차일반,1,1,1,7,한국사,20230416
Q10,전라남도교육청,8490058,여수고등학교,2023,1,20230410,주간,일반계,7차일반,1,1,1,1,자율활동,20230416
Q10,전라남도교육청,8490058,여수고등학교,2023,1,20230410,주간,일반계,7차일반,1,1,1,2,한문Ⅰ,20230416
Q10,전라남도교육청,8490058,여수고등학교,2023,1,20230410,주간,일반계,7차일반,1,1,1,3,국어,20230416
Q10,전라남도교육청,8490058,여수고등학교,2023,1,20230410,주간,일반계,7차일반,1,1,1,4,통합사회,20230416
Q10,전라남도교육청,8490058,여수고등학교,2023,1,20230410,주간,일반계,7차일반,1,1,1,5,국어,20230416
Q10,전라남도교육청,8490058,여수고등학교,2023,1,20230410,주간,일반계,7차일반,1,1,1,6,수학,20230416
Q10,전라남도교육청,8490058,여수고등학교,2023,1,20230410,주간,일반계,7차일반,1,1,1,7,음악,20230416
Q10,전라남도교육청,8490058,여수고등학교,2023,1,20230408,주간,일반계,7차일반,1,1,1,1,토요휴업일,20230409
Q10,전라남도교육청,8490058,여수고등학교,2023,1,20230408,주간,일반계,7차일반,1,1,1,2,토요휴업일,20230409
Q10,전라남도교육청,8490058,여수고등학교,2023,1,20230408,주간,일반계,7차일반,1,1,1,3,토요휴업일,20230409
Q10,전라남도교육청,8490058,여수고등학교,2023,1,20230408,주간,일반계,7차일반,1,1,1,4,토요휴업일,20230409
Q10,전라남도교육청,8490058,여수고등학교,2023,1,20230407,주간,일반계,7차일반,1,1,1,1,한국사,20230409
Q10,전라남도교육청,8490058,여수고등학교,2023,1,20230407,주간,일반계,7차일반,1,1,1,2,영어,20230409
Q10,전라남도교육청,8490058,여수고등학교,2023,1,20230407,주간,일반계,7차일반,1,1,1,3,체육,20230409
Q10,전라남도교육청,8490058,여수고등학교,2023,1,20230407,주간,일반계,7차일반,1,1,1,4,국어,20230409
Q10,전라남도교육청,8490058,여수고등학교,2023,1,20230407,주간,일반계,7차일반,1,1,1,5,한국사,20230409
Q10,전라남도교육청,8490058,여수고등학교,2023,1,20230407,주간,일반계,7차일반,1,1,1,6,통합과학,20230409
Q10,전라남도교육청,8490058,여수고등학교,2023,1,20230407,주간,일반계,7차일반,1,1,1,7,과학탐구실험,20230409
Q10,전라남도교육청,8490058,여수고등학교,2023,1,20230406,주간,일반계,7차일반,1,1,1,1,한문Ⅰ,20230409
Q10,전라남도교육청,8490058,여수고등학교,2023,1,20230406,주간,일반계,7차일반,1,1,1,2,통합사회,20230409
Q10,전라남도교육청,8490058,여수고등학교,2023,1,20230406,주간,일반계,7차일반,1,1,1,3,통합사회,20230409
Q10,전라남도교육청,8490058,여수고등학교,2023,1,20230406,주간,일반계,7차일반,1,1,1,4,음악,20230409
Q10,전라남도교육청,8490058,여수고등학교,2023,1,20230406,주간,일반계,7차일반,1,1,1,5,음악,20230409
Q10,전라남도교육청,8490058,여수고등학교,2023,1,20230406,주간,일반계,7차일반,1,1,1,6,통합과학,20230409
Q10,전라남도교육청,8490058,여수고등학교,2023,1,20230405,주간,일반계,7차일반,1,1,1,1,영어,20230409
Q10,전라남도교육청,8490058,여수고등학교,2023,1,20230405,주간,일반계,7차일반,1,1,1,2,진로활동,20230409
Q10,전라남도교육청,8490058,여수고등학교,2023,1,20230405,주간,일반계,7차일반,1,1,1,3,수학,20230409
Q10,전라남도교육청,8490058,여수고등학교,2023,1,20230405,주간,일반계,7차일반,1,1,1,4,통합과학,20230409
Q10,전라남도교육청,8490058,여수고등학교,2023,1,20230405,주간,일반계,7차일반,1,1,1,5,동아리활동,20230409
Q10,전라남도교육청,8490058,여수고등학교,2023,1,20230404,주간,일반계,7차일반,1,1,1,1,영어,20230409
Q10,전라남도교육청,8490058,여수고등학교,2023,1,20230404,주간,일반계,7차일반,1,1,1,2,통합과학,20230409
Q10,전라남도교육청,8490058,여수고등학교,2023,1,20230404,주간,일반계,7차일반,1,1,1,3,체육,20230409
Q10,전라남도교육청,8490058,여수고등학교,2023,1,20230404,주간,일반계,7차일반,1,1,1,4,수학,20230409
Q10,전라남도교육청,8490058,여수고등학교,2023,1,20230404,주간,일반계,7차일반,1,1,1,5,보건,20230409
Q10,전라남도교육청,8490058,여수고등학교,2023,1,20230404,주간,일반계,7차일반,1,1,1,6,음악,20230409
Q10,전라남도교육청,8490058,여수고등학교,2023,1,20230404,주간,일반계,7차일반,1,1,1,7,한국사,20230409
Q10,전라남도교육청,8490058,여수고등학교,2023,1,20230403,주간,일반계,7차일반,1,1,1,1,자율활동,20230409
Q10,전라남도교육청,8490058,여수고등학교,2023,1,20230403,주간,일반계,7차일반,1,1,1,2,한문Ⅰ,20230409
Q10,전라남도교육청,8490058,여수고등학교,2023,1,20230403,주간,일반계,7차일반,1,1,1,3,국어,20230409
Q10,전라남도교육청,8490058,여수고등학교,2023,1,20230403,주간,일반계,7차일반,1,1,1,4,통합사회,20230409
Q10,전라남도교육청,8490058,여수고등학교,2023,1,20230403,주간,일반계,7차일반,1,1,1,5,국어,20230409
Q10,전라남도교육청,8490058,여수고등학교,2023,1,20230403,주간,일반계,7차일반,1,1,1,6,수학,20230409
Q10,전라남도교육청,8490058,여수고등학교,2023,1,20230403,주간,일반계,7차일반,1,1,1,7,영어,20230409
Q10,전라남도교육청,8490058,여수고등학교,2023,1,20230401,주간,일반계,7차일반,1,1,1,1,토요휴업일,20230402
Q10,전라남도교육청,8490058,여수고등학교,2023,1,20230401,주간,일반계,7차일반,1,1,1,2,토요휴업일,20230402
Q10,전라남도교육청,8490058,여수고등학교,2023,1,20230401,주간,일반계,7차일반,1,1,1,3,토요휴업일,20230402
Q10,전라남도교육청,8490058,여수고등학교,2023,1,20230401,주간,일반계,7차일반,1,1,1,4,토요휴업일,20230402
Q10,전라남도교육청,8490058,여수고등학교,2023,1,20230331,주간,일반계,7차일반,1,1,1,1,한국사,20230402
Q10,전라남도교육청,8490058,여수고등학교,2023,1,20230331,주간,일반계,7차일반,1,1,1,2,영어,20230402
Q10,전라남도교육청,8490058,여수고등학교,2023,1,20230331,주간,일반계,7차일반,1,1,1,3,체육,20230402
Q10,전라남도교육청,8490058,여수고등학교,2023,1,20230331,주간,일반계,7차일반,1,1,1,4,국어,20230402
Q10,전라남도교육청,8490058,여수고등학교,2023,1,20230331,주간,일반계,7차일반,1,1,1,5,한국사,20230402
Q10,전라남도교육청,8490058,여수고등학교,2023,1,20230331,주간,일반계,7차일반,1,1,1,6,수학,20230402
Q10,전라남도교육청,8490058,여수고등학교,2023,1,20230331,주간,일반계,7차일반,1,1,1,7,과학탐구실험,20230402
Q10,전라남도교육청,8490058,여수고등학교,2023,1,20230330,주간,일반계,7차일반,1,1,1,1,한문Ⅰ,20230402
Q10,전라남도교육청,8490058,여수고등학교,2023,1,20230330,주간,일반계,7차일반,1,1,1,2,통합사회,20230402
Q10,전라남도교육청,8490058,여수고등학교,2023,1,20230330,주간,일반계,7차일반,1,1,1,3,통합사회,20230402
Q10,전라남도교육청,8490058,여수고등학교,2023,1,20230330,주간,일반계,7차일반,1,1,1,4,[보강]음악,20230402
Q10,전라남도교육청,8490058,여수고등학교,2023,1,20230330,주간,일반계,7차일반,1,1,1,5,영어,20230402
Q10,전라남도교육청,8490058,여수고등학교,2023,1,20230330,주간,일반계,7차일반,1,1,1,6,수학,20230402
Q10,전라남도교육청,8490058,여수고등학교,2023,1,20230329,주간,일반계,7차일반,1,1,1,1,영어,20230402
Q10,전라남도교육청,8490058,여수고등학교,2023,1,20230329,주간,일반계,7차일반,1,1,1,2,진로활동,20230402
Q10,전라남도교육청,8490058,여수고등학교,2023,1,20230329,주간,일반계,7차일반,1,1,1,3,수학,20230402
Q10,전라남도교육청,8490058,여수고등학교,2023,1,20230329,주간,일반계,7차일반,1,1,1,4,통합과학,20230402
Q10,전라남도교육청,8490058,여수고등학교,2023,1,20230329,주간,일반계,7차일반,1,1,1,5,동아리활동,20230402
Q10,전라남도교육청,8490058,여수고등학교,2023,1,20230328,주간,일반계,7차일반,1,1,1,1,영어,20230402
Q10,전라남도교육청,8490058,여수고등학교,2023,1,20230328,주간,일반계,7차일반,1,1,1,2,통합과학,20230402
Q10,전라남도교육청,8490058,여수고등학교,2023,1,20230328,주간,일반계,7차일반,1,1,1,3,체육,20230402
Q10,전라남도교육청,8490058,여수고등학교,2023,1,20230328,주간,일반계,7차일반,1,1,1,4,수학,20230402
Q10,전라남도교육청,8490058,여수고등학교,2023,1,20230328,주간,일반계,7차일반,1,1,1,5,보건,20230402
Q10,전라남도교육청,8490058,여수고등학교,2023,1,20230328,주간,일반계,7차일반,1,1,1,6,음악,20230402
Q10,전라남도교육청,8490058,여수고등학교,2023,1,20230328,주간,일반계,7차일반,1,1,1,7,한국사,20230402
Q10,전라남도교육청,8490058,여수고등학교,2023,1,20230327,주간,일반계,7차일반,1,1,1,1,자율활동,20230402
Q10,전라남도교육청,8490058,여수고등학교,2023,1,20230327,주간,일반계,7차일반,1,1,1,2,한문Ⅰ,20230402
Q10,전라남도교육청,8490058,여수고등학교,2023,1,20230327,주간,일반계,7차일반,1,1,1,3,국어,20230402
Q10,전라남도교육청,8490058,여수고등학교,2023,1,20230327,주간,일반계,7차일반,1,1,1,4,통합사회,20230402
Q10,전라남도교육청,8490058,여수고등학교,2023,1,20230327,주간,일반계,7차일반,1,1,1,5,국어,20230402
Q10,전라남도교육청,8490058,여수고등학교,2023,1,20230327,주간,일반계,7차일반,1,1,1,6,수학,20230402
Q10,전라남도교육청,8490058,여수고등학교,2023,1,20230327,주간,일반계,7차일반,1,1,1,7,음악,20230402
Q10,전라남도교육청,8490058,여수고등학교,2023,1,20230325,주간,일반계,7차일반,1,1,1,1,토요휴업일,20230326
Q10,전라남도교육청,8490058,여수고등학교,2023,1,20230325,주간,일반계,7차일반,1,1,1,2,토요휴업일,20230326
Q10,전라남도교육청,8490058,여수고등학교,2023,1,20230325,주간,일반계,7차일반,1,1,1,3,토요휴업일,20230326
Q10,전라남도교육청,8490058,여수고등학교,2023,1,20230325,주간,일반계,7차일반,1,1,1,4,토요휴업일,20230326
Q10,전라남도교육청,8490058,여수고등학교,2023,1,20230324,주간,일반계,7차일반,1,1,1,1,한국사,20230326
Q10,전라남도교육청,8490058,여수고등학교,2023,1,20230324,주간,일반계,7차일반,1,1,1,2,영어,20230326
Q10,전라남도교육청,8490058,여수고등학교,2023,1,20230324,주간,일반계,7차일반,1,1,1,3,체육,20230326
Q10,전라남도교육청,8490058,여수고등학교,2023,1,20230324,주간,일반계,7차일반,1,1,1,4,국어,20230326
Q10,전라남도교육청,8490058,여수고등학교,2023,1,20230324,주간,일반계,7차일반,1,1,1,5,한국사,20230326
Q10,전라남도교육청,8490058,여수고등학교,2023,1,20230324,주간,일반계,7차일반,1,1,1,6,수학,20230326
Q10,전라남도교육청,8490058,여수고등학교,2023,1,20230324,주간,일반계,7차일반,1,1,1,7,과학탐구실험,20230326
Q10,전라남도교육청,8490058,여수고등학교,2023,1,20230323,주간,일반계,7차일반,1,1,1,1,한문Ⅰ,20230326
Q10,전라남도교육청,8490058,여수고등학교,2023,1,20230323,주간,일반계,7차일반,1,1,1,2,통합사회,20230326
Q10,전라남도교육청,8490058,여수고등학교,2023,1,20230323,주간,일반계,7차일반,1,1,1,3,통합사회,20230326
Q10,전라남도교육청,8490058,여수고등학교,2023,1,20230323,주간,일반계,7차일반,1,1,1,4,음악,20230326
Q10,전라남도교육청,8490058,여수고등학교,2023,1,20230323,주간,일반계,7차일반,1,1,1,5,영어,20230326
Q10,전라남도교육청,8490058,여수고등학교,2023,1,20230323,주간,일반계,7차일반,1,1,1,6,통합과학,20230326
Q10,전라남도교육청,8490058,여수고등학교,2023,1,20230322,주간,일반계,7차일반,1,1,1,1,영어,20230326
Q10,전라남도교육청,8490058,여수고등학교,2023,1,20230322,주간,일반계,7차일반,1,1,1,2,진로활동,20230326
Q10,전라남도교육청,8490058,여수고등학교,2023,1,20230322,주간,일반계,7차일반,1,1,1,3,수학,20230326
Q10,전라남도교육청,8490058,여수고등학교,2023,1,20230322,주간,일반계,7차일반,1,1,1,4,통합과학,20230326
Q10,전라남도교육청,8490058,여수고등학교,2023,1,20230322,주간,일반계,7차일반,1,1,1,5,동아리활동,20230326
Q10,전라남도교육청,8490058,여수고등학교,2023,1,20230321,주간,일반계,7차일반,1,1,1,1,영어,20230326
Q10,전라남도교육청,8490058,여수고등학교,2023,1,20230321,주간,일반계,7차일반,1,1,1,2,통합과학,20230326
Q10,전라남도교육청,8490058,여수고등학교,2023,1,20230321,주간,일반계,7차일반,1,1,1,3,체육,20230326
Q10,전라남도교육청,8490058,여수고등학교,2023,1,20230321,주간,일반계,7차일반,1,1,1,4,수학,20230326
Q10,전라남도교육청,8490058,여수고등학교,2023,1,20230321,주간,일반계,7차일반,1,1,1,5,보건,20230326
Q10,전라남도교육청,8490058,여수고등학교,2023,1,20230321,주간,일반계,7차일반,1,1,1,6,음악,20230326
Q10,전라남도교육청,8490058,여수고등학교,2023,1,20230321,주간,일반계,7차일반,1,1,1,7,한국사,20230326
Q10,전라남도교육청,8490058,여수고등학교,2023,1,20230320,주간,일반계,7차일반,1,1,1,1,자율활동,20230326
Q10,전라남도교육청,8490058,여수고등학교,2023,1,20230320,주간,일반계,7차일반,1,1,1,2,한문Ⅰ,20230326
Q10,전라남도교육청,8490058,여수고등학교,2023,1,20230320,주간,일반계,7차일반,1,1,1,3,국어,20230326
Q10,전라남도교육청,8490058,여수고등학교,2023,1,20230320,주간,일반계,7차일반,1,1,1,4,통합사회,20230326
Q10,전라남도교육청,8490058,여수고등학교,2023,1,20230320,주간,일반계,7차일반,1,1,1,5,국어,20230326
Q10,전라남도교육청,8490058,여수고등학교,2023,1,20230320,주간,일반계,7차일반,1,1,1,6,수학,20230326
Q10,전라남도교육청,8490058,여수고등학교,2023,1,20230320,주간,일반계,7차일반,1,1,1,7,음악,20230326
Q10,전라남도교육청,8490058,여수고등학교,2023,1,20230318,주간,일반계,7차일반,1,1,1,1,토요휴업일,20230319
Q10,전라남도교육청,8490058,여수고등학교,2023,1,20230318,주간,일반계,7차일반,1,1,1,2,토요휴업일,20230319
Q10,전라남도교육청,8490058,여수고등학교,2023,1,20230318,주간,일반계,7차일반,1,1,1,3,토요휴업일,20230319
Q10,전라남도교육청,8490058,여수고등학교,2023,1,20230318,주간,일반계,7차일반,1,1,1,4,토요휴업일,20230319
Q10,전라남도교육청,8490058,여수고등학교,2023,1,20230317,주간,일반계,7차일반,1,1,1,1,한국사,20230319
Q10,전라남도교육청,8490058,여수고등학교,2023,1,20230317,주간,일반계,7차일반,1,1,1,2,영어,20230319
Q10,전라남도교육청,8490058,여수고등학교,2023,1,20230317,주간,일반계,7차일반,1,1,1,3,체육,20230319
Q10,전라남도교육청,8490058,여수고등학교,2023,1,20230317,주간,일반계,7차일반,1,1,1,4,국어,20230319
Q10,전라남도교육청,8490058,여수고등학교,2023,1,20230317,주간,일반계,7차일반,1,1,1,5,한국사,20230319
Q10,전라남도교육청,8490058,여수고등학교,2023,1,20230316,주간,일반계,7차일반,1,1,1,1,한문Ⅰ,20230319
Q10,전라남도교육청,8490058,여수고등학교,2023,1,20230316,주간,일반계,7차일반,1,1,1,2,통합사회,20230319
Q10,전라남도교육청,8490058,여수고등학교,2023,1,20230316,주간,일반계,7차일반,1,1,1,3,통합사회,20230319
Q10,전라남도교육청,8490058,여수고등학교,2023,1,20230316,주간,일반계,7차일반,1,1,1,4,음악,20230319
Q10,전라남도교육청,8490058,여수고등학교,2023,1,20230316,주간,일반계,7차일반,1,1,1,5,영어,20230319
Q10,전라남도교육청,8490058,여수고등학교,2023,1,20230315,주간,일반계,7차일반,1,1,1,1,영어,20230319
Q10,전라남도교육청,8490058,여수고등학교,2023,1,20230315,주간,일반계,7차일반,1,1,1,2,진로활동,20230319
Q10,전라남도교육청,8490058,여수고등학교,2023,1,20230315,주간,일반계,7차일반,1,1,1,3,수학,20230319
Q10,전라남도교육청,8490058,여수고등학교,2023,1,20230315,주간,일반계,7차일반,1,1,1,4,통합과학,20230319
Q10,전라남도교육청,8490058,여수고등학교,2023,1,20230315,주간,일반계,7차일반,1,1,1,5,동아리활동,20230319
Q10,전라남도교육청,8490058,여수고등학교,2023,1,20230314,주간,일반계,7차일반,1,1,1,1,영어,20230319
Q10,전라남도교육청,8490058,여수고등학교,2023,1,20230314,주간,일반계,7차일반,1,1,1,2,통합과학,20230319
Q10,전라남도교육청,8490058,여수고등학교,2023,1,20230314,주간,일반계,7차일반,1,1,1,3,체육,20230319
Q10,전라남도교육청,8490058,여수고등학교,2023,1,20230314,주간,일반계,7차일반,1,1,1,4,수학,20230319
Q10,전라남도교육청,8490058,여수고등학교,2023,1,20230314,주간,일반계,7차일반,1,1,1,5,보건,20230319
Q10,전라남도교육청,8490058,여수고등학교,2023,1,20230314,주간,일반계,7차일반,1,1,1,6,음악,20230319
Q10,전라남도교육청,8490058,여수고등학교,2023,1,20230314,주간,일반계,7차일반,1,1,1,7,한국사,20230319
Q10,전라남도교육청,8490058,여수고등학교,2023,1,20230313,주간,일반계,7차일반,1,1,1,1,자율활동,20230319
Q10,전라남도교육청,8490058,여수고등학교,2023,1,20230313,주간,일반계,7차일반,1,1,1,2,한문Ⅰ,20230319
Q10,전라남도교육청,8490058,여수고등학교,2023,1,20230313,주간,일반계,7차일반,1,1,1,3,국어,20230319
Q10,전라남도교육청,8490058,여수고등학교,2023,1,20230313,주간,일반계,7차일반,1,1,1,4,통합사회,20230319
Q10,전라남도교육청,8490058,여수고등학교,2023,1,20230313,주간,일반계,7차일반,1,1,1,5,국어,20230319
Q10,전라남도교육청,8490058,여수고등학교,2023,1,20230313,주간,일반계,7차일반,1,1,1,6,수학,20230319
Q10,전라남도교육청,8490058,여수고등학교,2023,1,20230313,주간,일반계,7차일반,1,1,1,7,음악,20230319
Q10,전라남도교육청,8490058,여수고등학교,2023,1,20230311,주간,일반계,7차일반,1,1,1,1,토요휴업일,20230312
Q10,전라남도교육청,8490058,여수고등학교,2023,1,20230311,주간,일반계,7차일반,1,1,1,2,토요휴업일,20230312
Q10,전라남도교육청,8490058,여수고등학교,2023,1,20230311,주간,일반계,7차일반,1,1,1,3,토요휴업일,20230312
Q10,전라남도교육청,8490058,여수고등학교,2023,1,20230311,주간,일반계,7차일반,1,1,1,4,토요휴업일,20230312
Q10,전라남도교육청,8490058,여수고등학교,2023,1,20230310,주간,일반계,7차일반,1,1,1,1,한국사,20230312
Q10,전라남도교육청,8490058,여수고등학교,2023,1,20230310,주간,일반계,7차일반,1,1,1,2,영어,20230312
Q10,전라남도교육청,8490058,여수고등학교,2023,1,20230310,주간,일반계,7차일반,1,1,1,3,[보강]체육,20230312
Q10,전라남도교육청,8490058,여수고등학교,2023,1,20230310,주간,일반계,7차일반,1,1,1,4,국어,20230312
Q10,전라남도교육청,8490058,여수고등학교,2023,1,20230310,주간,일반계,7차일반,1,1,1,5,한국사,20230312
Q10,전라남도교육청,8490058,여수고등학교,2023,1,20230310,주간,일반계,7차일반,1,1,1,6,수학,20230312
Q10,전라남도교육청,8490058,여수고등학교,2023,1,20230310,주간,일반계,7차일반,1,1,1,7,과학탐구실험,20230312
Q10,전라남도교육청,8490058,여수고등학교,2023,1,20230309,주간,일반계,7차일반,1,1,1,1,한문Ⅰ,20230312
Q10,전라남도교육청,8490058,여수고등학교,2023,1,20230309,주간,일반계,7차일반,1,1,1,2,통합사회,20230312
Q10,전라남도교육청,8490058,여수고등학교,2023,1,20230309,주간,일반계,7차일반,1,1,1,3,통합사회,20230312
Q10,전라남도교육청,8490058,여수고등학교,2023,1,20230309,주간,일반계,7차일반,1,1,1,4,음악,20230312
Q10,전라남도교육청,8490058,여수고등학교,2023,1,20230309,주간,일반계,7차일반,1,1,1,5,영어,20230312
Q10,전라남도교육청,8490058,여수고등학교,2023,1,20230309,주간,일반계,7차일반,1,1,1,6,통합과학,20230312
Q10,전라남도교육청,8490058,여수고등학교,2023,1,20230308,주간,일반계,7차일반,1,1,1,1,영어,20230312
Q10,전라남도교육청,8490058,여수고등학교,2023,1,20230308,주간,일반계,7차일반,1,1,1,2,진로활동,20230312
Q10,전라남도교육청,8490058,여수고등학교,2023,1,20230308,주간,일반계,7차일반,1,1,1,3,수학,20230312
Q10,전라남도교육청,8490058,여수고등학교,2023,1,20230308,주간,일반계,7차일반,1,1,1,4,통합과학,20230312
Q10,전라남도교육청,8490058,여수고등학교,2023,1,20230308,주간,일반계,7차일반,1,1,1,5,동아리활동,20230312
Q10,전라남도교육청,8490058,여수고등학교,2023,1,20230307,주간,일반계,7차일반,1,1,1,1,영어,20230312
Q10,전라남도교육청,8490058,여수고등학교,2023,1,20230307,주간,일반계,7차일반,1,1,1,2,통합과학,20230312
Q10,전라남도교육청,8490058,여수고등학교,2023,1,20230307,주간,일반계,7차일반,1,1,1,3,체육,20230312
Q10,전라남도교육청,8490058,여수고등학교,2023,1,20230307,주간,일반계,7차일반,1,1,1,4,수학,20230312
Q10,전라남도교육청,8490058,여수고등학교,2023,1,20230307,주간,일반계,7차일반,1,1,1,5,보건,20230312
Q10,전라남도교육청,8490058,여수고등학교,2023,1,20230307,주간,일반계,7차일반,1,1,1,6,음악,20230312
Q10,전라남도교육청,8490058,여수고등학교,2023,1,20230307,주간,일반계,7차일반,1,1,1,7,한국사,20230312
Q10,전라남도교육청,8490058,여수고등학교,2023,1,20230306,주간,일반계,7차일반,1,1,1,1,자율활동,20230312
Q10,전라남도교육청,8490058,여수고등학교,2023,1,20230306,주간,일반계,7차일반,1,1,1,2,한문Ⅰ,20230312
Q10,전라남도교육청,8490058,여수고등학교,2023,1,20230306,주간,일반계,7차일반,1,1,1,3,국어,20230312
Q10,전라남도교육청,8490058,여수고등학교,2023,1,20230306,주간,일반계,7차일반,1,1,1,4,통합사회,20230312
Q10,전라남도교육청,8490058,여수고등학교,2023,1,20230306,주간,일반계,7차일반,1,1,1,5,국어,20230312
Q10,전라남도교육청,8490058,여수고등학교,2023,1,20230306,주간,일반계,7차일반,1,1,1,6,수학,20230312
Q10,전라남도교육청,8490058,여수고등학교,2023,1,20230306,주간,일반계,7차일반,1,1,1,7,음악,20230312
Q10,전라남도교육청,8490058,여수고등학교,2023,1,20230303,주간,일반계,7차일반,1,01,1,1,한국사,20230305
Q10,전라남도교육청,8490058,여수고등학교,2023,1,20230303,주간,일반계,7차일반,1,01,1,2,영어,20230305
Q10,전라남도교육청,8490058,여수고등학교,2023,1,20230303,주간,일반계,7차일반,1,01,1,3,체육,20230305
Q10,전라남도교육청,8490058,여수고등학교,2023,1,20230303,주간,일반계,7차일반,1,01,1,4,국어,20230305
Q10,전라남도교육청,8490058,여수고등학교,2023,1,20230303,주간,일반계,7차일반,1,01,1,5,한국사,20230305
Q10,전라남도교육청,8490058,여수고등학교,2023,1,20230303,주간,일반계,7차일반,1,01,1,6,수학,20230305
Q10,전라남도교육청,8490058,여수고등학교,2023,1,20230302,주간,일반계,7차일반,1,01,1,1,한문Ⅰ,20230305
Q10,전라남도교육청,8490058,여수고등학교,2023,1,20230302,주간,일반계,7차일반,1,01,1,2,통합사회,20230305
Q10,전라남도교육청,8490058,여수고등학교,2023,1,20230302,주간,일반계,7차일반,1,01,1,3,통합사회,20230305
Q10,전라남도교육청,8490058,여수고등학교,2023,1,20230302,주간,일반계,7차일반,1,01,1,4,음악,20230305
Q10,전라남도교육청,8490058,여수고등학교,2023,1,20230302,주간,일반계,7차일반,1,01,1,5,영어,20230305
Q10,전라남도교육청,8490058,여수고등학교,2023,1,20230302,주간,일반계,7차일반,1,01,1,6,통합과학,20230305

